id	subcorpus	sentence	token	complexity
3QI9WAYOGQB8GQIR4MDIEF0D2RLS67	bible	They will not hurt nor destroy in all my holy mountain; for the earth will be full of the knowledge of Yahweh, as the waters cover the sea.	sea	0.0
3T8DUCXY0N6WD9X4RTLK8UN1U929TF	bible	that sends ambassadors by the sea, even in vessels of papyrus on the waters, saying, "Go, you swift messengers, to a nation tall and smooth, to a people awesome from their beginning onward, a nation that measures out and treads down, whose land the rivers divide!"	sea	0.10294117647058826
3I7KR83SNADXAQ7HXK7S7305BYB9KD	bible	and they entered into the boat, and were going over the sea to Capernaum.	sea	0.109375
3BO3NEOQM0HK9ERYPN0GQIWCPC4IAQ	bible	Joseph laid up grain as the sand of the sea, very much, until he stopped counting, for it was without number.	sea	0.1607142857142857
3Y3CZJSZ9KT0W7I0KE38WZHHKSW5RH	bible	There will be a highway for the remnant that is left of his people from Assyria, like there was for Israel in the day that he came up out of the land of Egypt.	land	0.0
3566S7OX5DJRQ6X2AD3QOSD072T712	bible	God said, "Let the waters under the sky be gathered together to one place, and let the dry land appear"; and it was so.	land	0.025000000000000022
3MJ28H2Y1E8XZUQKSMM424CC977O5Q	bible	Abimelech said, "Behold, my land is before you.	land	0.0892857142857143
3JMQI2OLFZ5ALM516D4ALR0ZWEVDN3	bible	It shall be on the day when you shall pass over the Jordan to the land which Yahweh your God gives you, that you shall set yourself up great stones, and plaster them with plaster:	land	0.140625
33J5JKFMK6YX6RGWTGQFCC9SACT3QI	bible	Our land will yield its increase.	land	0.19444444444444442
3VQTAXTYN3LU1FRQPIPQ4W4T1PBUB4	bible	He has cut off in fierce anger all the horn of Israel; He has drawn back his right hand from before the enemy: He has burned up Jacob like a flaming fire, which devours all around.	anger	0.04999999999999999
3MZ3TAMYTLNC8VDFRYM2L8LMPGXRIC	bible	Therefore the king was very angry, and his anger burned in him.	anger	0.11538461538461536
38G0E1M85M59ATPWUZGQ58Y04HXUVG	bible	Therefore I will make the heavens tremble, and the earth will be shaken out of its place in the wrath of Yahweh of Armies, and in the day of his fierce anger.	anger	0.13235294117647056
3LN50BUKPVBTMJ56Z9FQ8TDZ52YLPN	bible	When they heard this they were filled with anger, and cried out, saying, "Great is Artemis of the Ephesians!"	anger	0.140625
3MJ28H2Y1E8XZUQKSMM424CC95C5O8	bible	Therefore the anger of Yahweh was kindled against Amaziah, and he sent to him a prophet, who said to him, "Why have you sought after the gods of the people, which have not delivered their own people out of your hand?"	anger	0.25
3CMV9YRYP31X08284WA6BXRNW3XLJS	bible	He shall tear it by its wings, but shall not divide it apart.	wings	0.07500000000000001
3VAOOVPI3ZS3VYQ87HMJRC4F0SXLLP	bible	Don't curse the king, no, not in your thoughts; and don't curse the rich in your bedroom: for a bird of the sky may carry your voice, and that which has wings may tell the matter.	wings	0.1527777777777778
32204AGAABCLNATH55A5MS60NU7HGD	bible	How often I would have gathered your children together, even as a hen gathers her chicks under her wings, and you would not!	wings	0.22368421052631576
3511RHPADVEEYWLLC1JFDODE6KLLRE	bible	and they said to Moses, "Your servants have taken the sum of the men of war who are under our command, and there lacks not one man of us.	command	0.07500000000000001
3NRZ1LDP7W6DR8MAEA6ZG8OXKBBZPP	bible	He answered, "What did Moses command you?"	command	0.125
36D1BWBEHN1H0UMLXN5TCTKVUXW2MJ	bible	and give them a command to their masters, saying, Thus says Yahweh of Armies, the God of Israel, You shall tell your masters:	command	0.23214285714285715
3L1EFR8WWT5MU4F3W9GVRQ8032UF9H	bible	Your commandments are my delight.	delight	0.07500000000000001
3XD2A6FGFNUVY9KP2TGUYPRFSSTS9I	bible	The young man didn't wait to do this thing, because he had delight in Jacob's daughter, and he was honored above all the house of his father.	delight	0.25
351S7I5UG9WNO85TG9QLOPVC1W1NJW	bible	The king was grieved, but for the sake of his oaths, and of those who sat at the table with him, he commanded it to be given,	table	0.2361111111111111
3IH9TRB0FBZOFQEYT47NFH39LI41IR	bible	I returned, and saw under the sun, that the race is not to the swift, nor the battle to the strong, neither yet bread to the wise, nor yet riches to men of understanding, nor yet favor to men of skill; but time and chance happen to them all.	swift	0.09999999999999998
3ODOP6T3ASK1W4XFRJ5XQZ3V84B24K	bible	Then Solomon assembled the elders of Israel, and all the heads of the tribes, the princes of the fathers' households of the children of Israel, to king Solomon in Jerusalem, to bring up the ark of the covenant of Yahweh out of the city of David, which is Zion.	princes	0.10294117647058826
3E22YV8GG16JAJ8RBMV5LLHOAVXPNO	bible	All the princes of the provinces, the satraps, the governors, and those who did the king's business helped the Jews, because the fear of Mordecai had fallen on them.	princes	0.18333333333333335
3TRB893CSJAOULN5SWOTVFH69R6G75	bible	Yahweh showed me, and behold, two baskets of figs set before Yahweh's temple, after that Nebuchadnezzar king of Babylon had carried away captive Jeconiah the son of Jehoiakim, king of Judah, and the princes of Judah, with the craftsmen and smiths, from Jerusalem, and had brought them to Babylon.	princes	0.25
3B0MCRZMBRUJD4K4R18XPAMJAAYPPK	bible	"'You shall not cut the hair on the sides of your heads, neither shall you clip off the edge of your beard.	beard	0.10714285714285715
3FO95NVK5C0129GBWAGGPAR9YC3SR5	bible	When the king came to see him, Amnon said to the king, "Please let my sister Tamar come, and make me a couple of cakes in my sight, that I may eat from her hand."	cakes	0.1111111111111111
3V8JSVE8YYQ9PRNF9AO58PGR08SEYB	bible	Then Abigail hurried and took two hundred loaves of bread, two bottles of wine, five sheep ready dressed, five measures of parched grain, one hundred clusters of raisins, and two hundred cakes of figs, and laid them on donkeys.	cakes	0.28125
3IZVJEBJ6AK5H245ZE7QA8XGP6FZ6D	bible	In arrogance, the wicked hunt down the weak.	hunt	0.11538461538461536
35ZRNT9RUIYULF3GE3YBN7ESVBGO30	bible	He gathered to him the children of Ammon and Amalek; and he went and struck Israel, and they possessed the city of palm trees.	trees	0.125
3P4C70TRMRHN96C7WQP3EKZ74BBLGJ	bible	Then the trees of the forest will sing for joy before Yahweh, for he comes to judge the earth.	trees	0.22499999999999998
3UUIU9GZC55DCMVSO383WEIZ8FOT5H	bible	The armed men went before the priests who blew the trumpets, and the ark went after them.	priests	0.125
3JAOYN9IHL25ZQAUV5EJZ4GH0KF33F	bible	So the priests and the Levites sanctified themselves to bring up the ark of Yahweh, the God of Israel.	priests	0.25
3OYHVNTV5TY0HDBNZ9QA4TVU6VPOKU	bible	It was so, that when Joshua had spoken to the people, the seven priests bearing the seven trumpets of rams' horns before Yahweh advanced, and blew the trumpets; and the ark of the covenant of Yahweh followed them.	priests	0.25
3SSN80MU8CONBMPF00D6N6MNIZBXKP	bible	There was no Passover like that kept in Israel from the days of Samuel the prophet; neither did any of the kings of Israel keep such a Passover as Josiah kept, and the priests, and the Levites, and all Judah and Israel who were present, and the inhabitants of Jerusalem.	priests	0.265625
373L46LKP76MG2KQJWY5WXE873MJKH	bible	He was teaching daily in the temple, but the chief priests and the scribes and the leading men among the people sought to destroy him.	priests	0.3125
33NKDW9FFXI5SODR8NW8ZN9FDQGXCQ	bible	He entered into his room, and wept there.	room	0.125
3NZ1E5QA6Z1DG01BOHHIWKCD28JB54	bible	Now she had an ambush waiting in the inner room.	room	0.1527777777777778
3XUSYT70IT170QDU572CAF4MOLK0DF	bible	After him, Meshullam the son of Berechiah made repairs across from his room.	room	0.3157894736842105
371Q3BEXDH9A40226RATBDT87VIZS5	bible	If the axe is blunt, and one doesn't sharpen the edge, then he must use more strength; but skill brings success.	axe	0.13333333333333336
3IKDQS3DQE082TOW91W7WDM0PFPICS	bible	The house, when it was in building, was built of stone prepared at the quarry; and there was neither hammer nor axe nor any tool of iron heard in the house, while it was in building.	axe	0.25
3SCKNODZ0XGU4D4RF01OLZQ3A3S7N4	bible	and accuses her of shameful things, and brings up an evil name on her, and says, "I took this woman, and when I came near to her, I didn't find in her the tokens of virginity";	virginity	0.14285714285714285
3Z33IC0JC0MBQ11TWOLZ9CBMRUHV9G	bible	There was one Anna, a prophetess, the daughter of Phanuel, of the tribe of Asher (she was of a great age, having lived with a husband seven years from her virginity,	virginity	0.21666666666666667
3K3IX1W4S6RCQ0E22IQ0ZFXOBOMPAS	bible	Neither has she left her prostitution since [the days of] Egypt; for in her youth they lay with her, and they handled the bosom of her virginity; and they poured out their prostitution on her.	virginity	0.25
378G7J1SJLY50MSFU96HNSVBP0SEWC	bible	But if this thing be true, that the tokens of virginity were not found in the young lady;	virginity	0.3125
3XH7ZM9YX2UJXUKCN4GP8FMJ6O59R2	bible	"You therefore put your belt on your waist, arise, and speak to them all that I command you.	waist	0.14705882352941174
3X2YVV51PU46GLY3ILB2G8CH0TW1WS	bible	"Moreover you know also what Joab the son of Zeruiah did to me, even what he did to the two captains of the armies of Israel, to Abner the son of Ner, and to Amasa the son of Jether, whom he killed, and shed the blood of war in peace, and put the blood of war on his sash that was about his waist, and in his shoes that were on his feet.	waist	0.175
3WA2XVDZEMH767D93RTDPYWY10CE6S	bible	This I say for your own profit; not that I may ensnare you, but for that which is appropriate, and that you may attend to the Lord without distraction.	distraction	0.1607142857142857
3VGZ74AYTGGU62I1JDW4B19KA2XCGU	bible	In the day that he goes into the sanctuary, into the inner court, to minister in the sanctuary, he shall offer his sin offering, says the Lord Yahweh.	Lord	0.16666666666666669
3UXQ63NLAAMRIP4WG4XPD98AOYJLB2	bible	Now, Lord our God, who has brought your people forth out of the land of Egypt with a mighty hand, and have gotten yourself renown, as at this day; we have sinned, we have done wickedly.	Lord	0.21052631578947367
3ZCC2DXSD747VW469B0ZFS87IKXYYA	bible	You shall tell them, Thus says the Lord Yahweh: As I live, surely those who are in the waste places shall fall by the sword; and him who is in the open field will I give to the animals to be devoured; and those who are in the strongholds and in the caves shall die of the pestilence.	Lord	0.2142857142857143
3DWGDA5POF4T1WYYSB66U6T3TII1V2	bible	Remind them of these things, charging them in the sight of the Lord, that they don't argue about words, to no profit, to the subverting of those who hear.	Lord	0.2934782608695652
39O6Z4JLX2X1RXJRZ4RDPFX4YZ8XV5	bible	They shall recompense your lewdness on you, and you shall bear the sins of your idols; and you shall know that I am the Lord Yahweh.	Lord	0.3026315789473685
3909MD9T2ZH3P06K4KWHJ49BUZ9EFP	bible	for the destroyer has come on her, even on Babylon, and her mighty men are taken, their bows are broken in pieces; for Yahweh is a God of recompenses, he will surely requite.	bows	0.1764705882352941
3OID399FXG7YXUSK8PLXDMRQUL9FDU	bible	He gave their donkeys fodder.	donkeys	0.1764705882352941
3BDORL6HKKDLVSRFZOQGA5NRC9VRCO	bible	Moreover those who were near to them, as far as Issachar and Zebulun and Naphtali, brought bread on donkeys, and on camels, and on mules, and on oxen, food of meal, cakes of figs, and clusters of raisins, and wine, and oil, and cattle, and sheep in abundance: for there was joy in Israel.	donkeys	0.19444444444444442
36QZ6V1589DTI18S04BLULET5DXUS5	bible	In those days saw I in Judah some men treading winepresses on the Sabbath, and bringing in sheaves, and loading donkeys; as also wine, grapes, and figs, and all kinds of burdens, which they brought into Jerusalem on the Sabbath day: and I testified against them in the day in which they sold food.	donkeys	0.21052631578947367
3O0M2G5VC62CWOIECSKC0MB9ECL49I	bible	they also resorted to a ruse, and went and made as if they had been ambassadors, and took old sacks on their donkeys, and wineskins, old and torn and bound up,	donkeys	0.234375
3W0KKJIARR9XWLO7SS1E775URSYK84	bible	But when day had already come, Jesus stood on the beach, yet the disciples didn't know that it was Jesus.	beach	0.17857142857142855
3L21G7IH47WA5QT3XMTQ15XXBZK1YB	bible	a time to tear, and a time to sew; a time to keep silence, and a time to speak;	silence	0.31666666666666665
3XEIP58NL0NN0N7CMIDSZRFDFZXLZW	bible	He made loops of blue on the edge of the one curtain from the edge in the coupling.	loops	0.1842105263157895
3ZLW647WALVGE8EBR50EGUBPU6F324	bible	The loops were opposite one to another.	loops	0.35526315789473684
34R0BODSP1ZBN3DVY8J8XSIY55W5EY	bible	I hate them with perfect hatred.	hatred	0.19117647058823528
3OZ4VAIBEXF0WDE2I0CCY6PPN1ZJV9	bible	Oh how great is your goodness, which you have laid up for those who fear you, which you have worked for those who take refuge in you, before the sons of men!	goodness	0.19444444444444442
3YGE63DIN8X69WDLM27223T7V1Q0WO	bible	King Ahaz cut off the panels of the bases, and removed the basin from off them, and took down the sea from off the bronze oxen that were under it, and put it on a pavement of stone.	bronze	0.19736842105263158
3UZUVSO3P7V9VAY1Q70UEUTKR0REM2	bible	Eleazar the priest took the bronze censers, which those who were burnt had offered; and they beat them out for a covering of the altar,	bronze	0.3214285714285714
3ZFRE2BDQ9EI0HO101GGALA0MAEZX7	bible	I also will make the pile great.	pile	0.2
3CZH926SICETRK9VK30YS0CK596E47	bible	Set up a standard against the walls of Babylon, make the watch strong, set the watchmen, prepare the ambushes; for Yahweh has both purposed and done that which he spoke concerning the inhabitants of Babylon.	ambushes	0.2
37YYO3NWHDQHPQ2WHR0LLAO5CAACCP	bible	Now in the fifteenth year of the reign of Tiberius Caesar, Pontius Pilate being governor of Judea, and Herod being tetrarch of Galilee, and his brother Philip tetrarch of the region of Ituraea and Trachonitis, and Lysanias tetrarch of Abilene,	Philip	0.2
3EN4YVUOUCSS02JXIFDUMRMA3C1XJK	bible	For Herod had laid hold of John, and bound him, and put him in prison for the sake of Herodias, his brother Philip's wife.	Philip	0.25
3J94SKDEKIP6VXZV2D8ORA0D5R55DB	bible	Jesus said to him, "Have I been with you such a long time, and do you not know me, Philip?	Philip	0.2678571428571429
37SOB9Z0SSXMFU0J1BIJVQAY0663LT	bible	When they came up out of the water, the Spirit of the Lord caught Philip away, and the eunuch didn't see him any more, for he went on his way rejoicing.	Philip	0.36111111111111116
3ZZAYRN1I6RZKW1ATI425KIQPATTOM	bible	They also brought out all her relatives, and they set them outside of the camp of Israel.	relatives	0.203125
3IHWR4LC7DD6QQYJSPG2URQHZO4I8M	bible	"'None of you shall approach anyone who are his close relatives, to uncover their nakedness: I am Yahweh.	relatives	0.27941176470588236
3D5G8J4N5A4UAGA7UUQG0CCYL3KTVI	bible	It happened, when he began to reign, as soon as he sat on his throne, that he struck all the house of Baasha: he didn't leave him a single one who urinates on a wall, neither of his relatives, nor of his friends.	relatives	0.3214285714285714
3G9UA71JVVUYLND6029WSS9M1HB7JK	bible	Then Jonathan said to him, "Tomorrow is the new moon: and you will be missed, because your seat will be empty.	Tomorrow	0.20833333333333331
3MIVREZQVHY32PO3EMIETYQULYFQKG	bible	When we burned incense to the queen of the sky, and poured out drink offerings to her, did we make her cakes to worship her, and pour out drink offerings to her, without our husbands?	husbands	0.21250000000000002
3ODOP6T3ASK1W4XFRJ5XQZ3V84Z248	bible	But of the other apostles I saw no one, except James, the Lord's brother.	James	0.2142857142857143
3CMIQF80GNQW3A3ECIODJFLCK1V6QN	bible	and with every living creature that is with you: the birds, the livestock, and every animal of the earth with you, of all that go out of the ship, even every animal of the earth.	creature	0.21666666666666667
3AC6MFV69KILEROMVXYU7ZM6YKWHZX	bible	For indeed we are in danger of being accused concerning this day's riot, there being no cause.	riot	0.21875
3N7PQ0KLI5P89OQRKPVFIVKER953E6	bible	The voice of harpists, minstrels, flute players, and trumpeters will be heard no more at all in you.	players	0.22058823529411764
3N3WJQXELSQXUC40XB4ECG56UQG2LN	bible	Love and faithfulness keep the king safe.	faithfulness	0.22368421052631576
344M16OZKIFFDSJ128FUR9IKWQWNE6	bible	I will also praise you with the harp for your faithfulness, my God.	faithfulness	0.23333333333333334
39RRBHZ0AU1QWSJ60MFYM0DF6X6ZV0	bible	Yahweh will render to every man his righteousness and his faithfulness; because Yahweh delivered you into my hand today, and I wouldn't put forth my hand against Yahweh's anointed.	faithfulness	0.25
3W5PY7V3UP7H0797NBZW55TJ5IVJYC	bible	I have declared your faithfulness and your salvation.	faithfulness	0.2647058823529411
3L1EFR8WWT5MU4F3W9GVRQ8030MF95	bible	Yahweh's faithfulness endures forever.	faithfulness	0.34090909090909094
3L2OEKSTW9ASGQDOW725GFK5P5BY8D	bible	It happened on the way at a lodging place, that Yahweh met Moses and wanted to kill him.	lodging	0.22499999999999998
3PMR2DOWOO1TV1G2927VO667SG254S	bible	As one of them opened his sack to give his donkey food in the lodging place, he saw his money.	lodging	0.25
3JHB4BPSFK9JLT5CAPRP3PCEA2V9QT	bible	David said to Saul, "Your servant was keeping his father's sheep; and when a lion or a bear came, and took a lamb out of the flock,	bear	0.23076923076923078
35U0MRQMUJ7EXO5ZYD4H626BMV3VOY	bible	He brought me into the inner court toward the east: and he measured the gate according to these measures;	court	0.234375
3MNJFORX8B43THDRTJ3EFA3YH4B5FC	bible	"For I tell you, among those who are born of women there is not a greater prophet than John the Baptizer, yet he who is least in the Kingdom of God is greater than he."	John	0.25
3IKMEYR0LWVMA6MICBSDXGSR5S6K21	bible	If an unrighteous witness rise up against any man to testify against him of wrongdoing,	wrongdoing	0.234375
3HRWUH63QU2FH9Q8R7MRNFC7JXX5NN	bible	therefore, behold, I will deliver you to the children of the east for a possession, and they shall set their encampments in you, and make their dwellings in you; they shall eat your fruit, and they shall drink your milk.	dwellings	0.2375
3QREJ3J433XSBS8QMHAICCR0BSXLKR	bible	You shall not eat any blood, whether it is of bird or of animal, in any of your dwellings.	dwellings	0.25
3KTCJ4SCVG1AB94PEJ5F7AAQ2PB1MQ	bible	This is a statute forever throughout your generations in all your dwellings.	dwellings	0.3125
38O9DZ0A62NFBR1TA7YCNXN94XH62D	bible	"'These things shall be for a statute and ordinance to you throughout your generations in all your dwellings.	dwellings	0.34375
3PIOQ99R7YMW2OGNS8UZVR4NICPUNP	bible	They didn't see one another, neither did anyone rise from his place for three days; but all the children of Israel had light in their dwellings.	dwellings	0.3529411764705882
34YWR3PJ28ALYWIBW73O4M7E431X0J	bible	Remember his marvelous works that he has done; his wonders, and the judgments of his mouth,	judgments	0.25
3AFT28WXLF29BILZZ65YRDGHER0OIJ	bible	I will make Pathros desolate, and will set a fire in Zoan, and will execute judgments on No.	judgments	0.2833333333333333
3QXFBUZ4ZKGQSWZ154H457VQH23GU7	bible	Therefore tell the children of Israel, 'I am Yahweh, and I will bring you out from under the burdens of the Egyptians, and I will rid you out of their bondage, and I will redeem you with an outstretched arm, and with great judgments:	judgments	0.375
3YD0MU1NC21NKUA26WWJZT63BUHA77	bible	It will happen in the day of Yahweh's sacrifice, that I will punish the princes, the king's sons, and all those who are clothed with foreign clothing.	sacrifice	0.25
3XJOUITW8UR258EQ8VW6UPDQ49YTQD	bible	You shall eat it as barley cakes, and you shall bake it in their sight with dung that comes out of man.	dung	0.25
3JVP4ZJHDPSO81TGXL3N1CKZGQSI0Z	bible	The second angel sounded, and something like a great burning mountain was thrown into the sea.	burning	0.25
3S8A4GJRD33O8IZVYHINP2KK1TXV6T	bible	I am a brother to jackals, and a companion to ostriches.	companion	0.25
3PR3LXCWSFZ3UQ6OW3MHXX8777PX9P	bible	However, knowing this, Jesus said to them, "Why do you trouble the woman?	trouble	0.26136363636363635
31YWE12TE0CZG7IVH6OXJ1H1CFC7XU	bible	So they were shut up to the day of their death, living in widowhood.	widowhood	0.26388888888888884
3LCXHSGDLT6CT5B6A4WGQ3SQJP4ES9	bible	"Don't be afraid; for you shall not be ashamed: neither be confounded; for you shall not be disappointed: for you shall forget the shame of your youth; and the reproach of your widowhood you shall remember no more.	widowhood	0.31666666666666665
382GHPVPHSRQHMTYVJJ2998NEKB340	bible	Therefore they will carry away the abundance they have gotten, and that which they have stored up, over the brook of the willows.	abundance	0.2647058823529411
3HRWUH63QU2FH9Q8R7MRNFC7JVWN50	bible	But sin, finding occasion through the commandment, produced in me all kinds of coveting.	occasion	0.35
3R6RZGK0XFCQR29140DF8T4D058YVI	bible	Thus says Yahweh, the God of Israel: I made a covenant with your fathers in the day that I brought them forth out of the land of Egypt, out of the house of bondage, saying,	covenant	0.27380952380952384
3B9J25CZ25DXW7RSEDQL0FSNYDQSCT	bible	For finding fault with them, he said, "Behold, the days come," says the Lord, "that I will make a new covenant with the house of Israel and with the house of Judah;	covenant	0.3026315789473685
3OJX0UFJ0Z7BDMCTRYBUDQ93DNX9UU	bible	Therefore thus says the Lord Yahweh: As I live, surely my oath that he has despised, and my covenant that he has broken, I will even bring it on his own head.	covenant	0.31818181818181823
3BKZLF990ZZYMUDKI1J52655JBGQYZ	bible	Then Solomon assembled the elders of Israel, and all the heads of the tribes, the princes of the fathers' households of the children of Israel, to Jerusalem, to bring up the ark of the covenant of Yahweh out of the city of David, which is Zion.	covenant	0.4642857142857143
3PCPFX4U40QSM3WPDBRHDLYPD07QFJ	bible	It happened, when David lived in his house, that David said to Nathan the prophet, "Behold, I dwell in a house of cedar, but the ark of the covenant of Yahweh is under curtains."	covenant	0.4833333333333333
32LAQ1JNT9PUX1L7P4GB4QAF7UBUTQ	bible	Thus says the Lord Yahweh: When the whole earth rejoices, I will make you desolate.	rejoices	0.2833333333333333
3L55D8AUFAXUST31DJIAI1GOFWWYCJ	bible	The refining pot is for silver, and the furnace for gold, but Yahweh tests the hearts.	pot	0.29166666666666663
37SDSEDIN92VQK2LKIVW2S9VIMT18D	bible	ten head of fat cattle, and twenty head of cattle out of the pastures, and one hundred sheep, besides harts, and gazelles, and roebucks, and fattened fowl.	fowl	0.3088235294117647
3HJ1EVZS2OJXISVW6VFFH2JX6WNR3V	bible	From the sole of the foot even to the head there is no soundness in it: wounds, welts, and open sores.	soundness	0.32608695652173914
3M93N4X8HKNK4LXYO577NJ5IOXZJSY	bible	More to be desired are they than gold, yes, than much fine gold; sweeter also than honey and the extract of the honeycomb.	extract	0.36111111111111116
3L7SUC0TTUUA4KJ7I01FT5RGXZC0MX	bible	He shall stand before Eleazar the priest, who shall inquire for him by the judgment of the Urim before Yahweh: at his word shall they go out, and at his word they shall come in, both he, and all the children of Israel with him, even all the congregation."	congregation	0.375
3NRZ1LDP7W6DR8MAEA6ZG8OXKB5ZPJ	bible	For whom the Lord loves, he chastens, and scourges every son whom he receives."	scourges	0.375
3L55D8AUFAXUST31DJIAI1GOFYMYCD	bible	Their dead bodies will be in the street of the great city, which spiritually is called Sodom and Egypt, where also their Lord was crucified.	Sodom	0.38235294117647056
3MD8CKRQZZN836XL9G72X90M2VGJRA	bible	Set up a standard against the walls of Babylon, make the watch strong, set the watchmen, prepare the ambushes; for Yahweh has both purposed and done that which he spoke concerning the inhabitants of Babylon.	watchmen	0.38888888888888884
311HQEI8RSGOL2IAIOCIGMXCKH07ZL	bible	The lords of the Philistines gathered them together to offer a great sacrifice to Dagon their god, and to rejoice; for they said, "Our god has delivered Samson our enemy into our hand."	Dagon	0.3970588235294118
3ODOP6T3ASK1W4XFRJ5XQZ3V86B42Q	bible	Only Dagon's torso was intact.	Dagon	0.5
3LN3BXKGC0V3K0O604W5NVGN2IEGW6	bible	It turned toward the sunrise to Beth Dagon, and reached to Zebulun, and to the valley of Iphtah El northward to Beth Emek and Neiel.	Dagon	0.5625
3EQPA8A374WH5XJCJX1FJC2LBAZZJF	bible	I know your pride, and the naughtiness of your heart; for you have come down that you might see the battle."	naughtiness	0.4
37M4O367VJI9ZR58F67RA0N7E7MM53	bible	We have become a reproach to our neighbors, a scoffing and derision to those who are around us.	scoffing	0.40625
3TY2U1TEB7AR5IE81BYTVIEVSESJJO	bible	The priest and the prophet reel with strong drink.	reel	0.41666666666666663
3ZVPAMTJWN3YC47K1AMZ0W86A3ZGR3	bible	but he whose genealogy is not counted from them has accepted tithes from Abraham, and has blessed him who has the promises.	genealogy	0.4305555555555556
3EGKVCRQFWSBIOBVZJMF7HA6XDMYB6	bible	The sons of Bela: Ezbon, and Uzzi, and Uzziel, and Jerimoth, and Iri, five; heads of fathers' houses, mighty men of valor; and they were reckoned by genealogy twenty-two thousand thirty-four.	genealogy	0.578125
3ATYLI1PRT256T55HOQY3EVHR6POJV	bible	Enoch walked with God, and he was not, for God took him.	Enoch	0.4347826086956522
3EAWOID6MTXTU7DGWS26G1ATOQBV0S	bible	About these also Enoch, the seventh from Adam, prophesied, saying, "Behold, the Lord came with ten thousands of his holy ones,	Enoch	0.484375
3X2YVV51PU46GLY3ILB2G8CH0TVW1M	bible	All the days of Enoch were three hundred sixty-five years.	Enoch	0.5333333333333333
36FQTHX3Z3RA2LE7AYTPHNETOCS3B6	bible	Now Saul had a concubine, whose name was Rizpah, the daughter of Aiah: and Ishbosheth said to Abner, "Why have you gone in to my father's concubine?"	Abner	0.4411764705882353
3SZYX62S5G0QEOYLB052RIQHJG257I	bible	all the inhabitants of the hill country from Lebanon to Misrephoth Maim, even all the Sidonians; them will I drive out from before the children of Israel: only allocate it to Israel for an inheritance, as I have commanded you.	Maim	0.4444444444444444
3W0XM68YZPVFLL4MT7SZSXIMDKFK13	bible	They told Sisera that Barak the son of Abinoam was gone up to Mount Tabor.	Tabor	0.4852941176470589
38EHZ67RIMS7FOUSW2QIEXEW4G0MGL	bible	It turned from Sarid eastward toward the sunrise to the border of Chisloth Tabor.	Tabor	0.5294117647058824
3R5LWXWHR08I90TWA9SRPEUUBKKGXZ	bible	"Then you shall go on forward from there, and you shall come to the oak of Tabor; and three men shall meet you there going up to God to Bethel, one carrying three young goats, and another carrying three loaves of bread, and another carrying a bottle of wine:	Tabor	0.6029411764705882
3MVY4USGB6NO9ADS6NM7BIQIBGKSI1	bible	For the judgment is against you; for you have been a snare at Mizpah, and a net spread on Tabor.	Tabor	0.6333333333333333
3I01FDIL6M8EW0G8KU6QT3X1LH42DX	bible	He makes his feet like hinds' feet, and sets me on my high places.	hinds	0.5166666666666667
3BAKUKE49HC18PHHJR1WT9408E0R1Y	biomed	The expression of Sam68 was not altered in aging bone marrow stromal cells or in senescencing WI-38 cells (unpublished data).	bone	0.02777777777777779
39O0SQZVJN7FJBWJ87I5UJVDB007RB	biomed	At skeletal maturity, bone mass is maintained through the balanced activity of osteoblasts and osteoclasts during the remodeling cycle.	bone	0.10714285714285715
3SR6AEG6W5TL91EHZBWBTSD4SQHHYV	biomed	However, this reduction in bone resorption occurred with normal osteoclast activity, as assessed by in vitro culturing.	bone	0.15625
3MIVREZQVHY32PO3EMIETYQULYYKQT	biomed	In contrast, our analysis of Bmpr1a mutant articular cartilage showed a loss of ECM components, but no signs of hypertrophy or bone replacement.	bone	0.21875
3G9UA71JVVUYLND6029WSS9M1JBJ70	biomed	The skeletal phenotyping of cohorts of Sam68+/+ and Sam68−/− mice showed that bone mass was preserved in aged Sam68−/− mice.	bone	0.2282608695652174
3VJ4PFXFJ37PI5MYJ4PU9LKNJ79UAS	biomed	The three major limb phenotypes revealed by eliminating Bmpr1a with Gdf5-driven Cre include webbing between digits, lack of joint formation at specific locations in the ankle, and failure to maintain articular cartilage after birth, resulting in severe arthritis.	locations	0.11764705882352944
3D1UCPY6GG9R0NG07M9FQLOSG7O83V	biomed	Twenty-one genes were identified as potential candidate genes for six of the eight small-effect QTL according to their gene expression patterns during CIA and their genomic locations.	locations	0.125
33N1S8XHHMLAAG38T8V9FC6ZHWH1Z1	biomed	We described locations of pendrin expression in the cochlea and vestibular labyrinth and detected normal endolymphatic K+ concentrations in spite of an enlargement of this fluid compartment.	locations	0.2282608695652174
3PZDSVZ3J5HXLQM8D23HIN6TJ1QN4O	biomed	These data provide tentative locations of a large set of promoter regions, allowing computational searches for shared sequence motifs that might be involved in the intriguing transcriptional regulation of olfactory receptors.	locations	0.28125
3G3AJKPCXLSRXPQMK4CSZ340NLPY4K	biomed	Lung development in Dhcr7-/- embryos at the early stages, from lung bud formation to canalicular stage, was morphologically similar to controls.	controls	0.125
31HLTCK4BLVQ5BO1AUR91TX9V9WGVG	biomed	These animals have muscle cell abnormalities, severe postural anomalies, selective muscle degeneration, and shorter life spans compared to normal controls [23].	controls	0.16666666666666669
3PGQRAZX02KAZASXA58AX6K611XSYQ	biomed	We showed here that body length was significantly reduced at later stages of gestation in Dhcr7-/- animals, compared to controls.	controls	0.28409090909090906
3APP19WN71E5QL909MJ1P1HAEH36GF	biomed	Er81 controls proprioceptive afferent connectivity [14], and we therefore sought to identify an ETS transcriptional regulator that, when expressed over the normal time course of Er81 expression, is able to substitute for Er81 function within group Ia afferent sensory neurons.	controls	0.3088235294117647
32FESTC2NHQDBKJW3ILLFGABJAUUCU	biomed	The Q422R mutation, which involves a glutamine to arginine substitution at the last amino acid position of PAX6, caused a reduction in the interaction with HOMER3 and DNCL1.	position	0.18055555555555558
3WRBLBQ2GR8ACANL7X3KG07J1EHG0O	biomed	The phenylalanine at position 204 is particularly well conserved (Figure 1B), not only among vertebrate AQP2 proteins, but also among others members of this family.	position	0.234375
3OCZWXS7ZO7PT9NNFU6CAN8IE3EL5K	biomed	A subset of identified histone chaperones and chromatin remodeling complexes can collaborate to promote nucleosome assembly in vitro and are therefore in a strategic position to control chromatin assembly and maturation during development [7,8].	position	0.2368421052631579
366FYU4PTGPE5MYY5VNEZH1G2VFEKG	biomed	The speed congenic strains developed herein confirm previously identified genome-wide QTL affecting growth, obesity and carcass composition.	speed	0.296875
3OB6JN3A9QPY4E36CDKUD1S36QTMR1	biomed	All experiments were approved by the Institutional Animal Care and Use Committee of Kansas State University.	State	0.140625
341YLJU21IZV4BWUC871K0DEDOVI22	biomed	Several proteins that interact with RAD51 are thought to 'mediate' assembly of RAD51 at sites of DNA damage (reviewed in [30]).	proteins	0.14285714285714285
3BS6ERDL9372E1Z97WITJGED1OPD6C	biomed	APC also interacts with a multitude of other cellular proteins, including axin-2 (AXIN2), plakoglobin (JUP), Asef (ARHGEF4), kinesin superfamily‚Äìassociated protein 3 (KIFAP3), EB1 (MAPRE1), microtubules, and the human homolog of Drosophila discs large (DLG1).	proteins	0.25
3EQPA8A374WH5XJCJX1FJC2LBCJJZN	biomed	We have generated antibodies specific for Acdp1 and all Acdp proteins.	proteins	0.2678571428571429
373L46LKP76MG2KQJWY5WXE8736KJ2	biomed	The protein belongs to a family of evolutionarily conserved proteins of a bipartite structure with a variable N-terminal and a conserved C-terminal domain.	proteins	0.27941176470588236
3NRZ1LDP7W6DR8MAEA6ZG8OXKBUPZY	biomed	The three members of the vertebrate TIF1 family (α, β, and γ) are large nuclear proteins that each contain an N-terminal RBCC or TRIM domain (Reymond et al. 2001) composed of a RING finger, two B-boxes, and a coiled-coil domain.	proteins	0.3214285714285714
3SSN80MU8CONBMPF00D6N6MNI1QKXV	biomed	The remaining half, which are non-protease-ADAMs, are thought to be adhesion molecules.	half	0.23333333333333334
3GKAWYFRAPTAO7HEMSH2PG5UWTFDPI	biomed	At 6 mo, half of the animals were switched from normal chow to food containing dox at 200 mg/kg until they were sacrificed at 9 or 12 mo of age.	half	0.26136363636363635
3T2HW4QDUV7FRSVT57QUJKNX6PR9CP	biomed	This allele gave rise to multiple mRNA species, detectable by RT-PCR, reading through from the first half of exon 9 to at least two different cryptic splice sites in the PGK promoter sequence [31].	half	0.27380952380952384
3QI9WAYOGQB8GQIR4MDIEF0D2R56S5	biomed	However, visualization of log R ratio and B allele frequency metrics from the genome-wide SNP genotyping experiments clearly showed data consistent with a heterozygous genomic deletion across the first one-third of ITPR1 and across the first half of a neighboring gene, SUMF1 (Figure 2).	half	0.296875
3YKP7CX6G2FS34FUCAWFU4Q9TEX7BY	biomed	Second, we cannot rule out the existence of an alternate start site for ITPR1 that may result in a product that confers a pathogenic gain of function to the protein; however, Western blot analysis of cells derived from affected AUS1 family members, which was performed using an antibody raised against the C-terminal portion of ITPR1, failed to identify any disease-specific truncated protein products.	existence	0.16666666666666669
3EFNPKWBMSO9IYBXCIW0X6IAX8E030	biomed	Lung development in Dhcr7-/- embryos at the early stages, from lung bud formation to canalicular stage, was morphologically similar to controls.	Lung	0.175
3MJ9GGZYO36GYTDW0KFO32PV0GW2AO	biomed	BMP2 and BMP7 are thus secondary signals produced in response to SHH activity.	signals	0.1875
31D0ZWOD0AZ92JAILXBAKEWG3I70AX	biomed	In wild-type cells, most of H4K20me3 and H3K9me3 signals are present at the level of DAPI-dense domains when visualized by IF [29] (Figures 7C and 7D).	signals	0.19444444444444442
3MWOYZD5WVO1PJWQWMIQWLCY0SQNOY	biomed	Its nuclear localization is mediated by five independent nuclear localization signals, each of which alone is capable of targeting Ptdsr to the cell nucleus [29].	signals	0.19444444444444442
3IJ95K7NDXCDX6FS835IRC3W96UNG6	biomed	To test the hypothesis that a temporal delay in the onset of transcriptional programs is crucial for the control of appropriate neuronal maturation, we studied the development of proprioceptive DRG neurons, since transcriptional effectors regulated by target-derived signals, as well as some of their downstream biological actions, have been identified for these neurons.	signals	0.2647058823529411
3S1WOPCJFGTJU2SGNAN2Y213N6FEJH	biomed	We suggest that in the absence of the antagonizing activity of FGF9, WNT4 signals predominate and govern somatic cell fate in the gonadal field.	signals	0.2833333333333333
30F94FBDNRKF12C1PDZGZ0IRIBOBTE	biomed	In addition, the protein is overexpressed in human cancers of many tissues, such as lung, liver, brain, breast, kidney and skin (40).	breast	0.1875
311HQEI8RSGOL2IAIOCIGMXCKHJ7Z4	biomed	BRCA2 could cooperate with RAD51 paralogs in promoting RAD51 assembly, or even provide an alternative assembly pathway.	pathway	0.1923076923076923
3HO4MYYR12OOV3AVTR8ITGI1NOPU68	biomed	It is interesting to note that several of these chromosome regions contain genes encoding different members of the BMP signaling pathway, including the BMP5 gene on human chromosome 6p12 (Loughlin et al. 2002), the MADH1 gene on human chromosome 4q26–4q31 (Leppavuori et al. 1999; Kent et al. 2002), and the BMPR2 receptor on human chromosome 2q33 (Wright et al. 1996).	pathway	0.31666666666666665
3RZS0FBRWKA0JFB0MWMR5ANCBU1CPH	biomed	As all prior reported manipulations of the BMP pathway during skeletal development either result in a block at the first stage of chondrogenesis or allow complete skeletal formation, this is the first demonstration of a requirement for BMP activity in osteogenic differentiation.	pathway	0.40625
3LEG2HW4UFNBUKU4B01GH30MXX12FV	biomed	In light of the observation that the      Wnt4     ‚àí/‚àí XX gonad does not increase significantly in size (     Figure 6), it is possible that the FGF9/SOX9-expressing population did not reach a critical threshold.	observation	0.2
3S1WOPCJFGTJU2SGNAN2Y213N6FJEM	biomed	One striking observation of this study is that precocious induction of ETS signaling promotes neuronal survival without a requirement for neurotrophic support and in complete absence of Trk receptor expression.	observation	0.2173913043478261
3BO3NEOQM0HK9ERYPN0GQIWCPDLIA9	biomed	The observation of unequal expression leads to a number of questions.	observation	0.21875
34HEO7RUG6UX2DUHFAUP4AX3C8BRAR	biomed	First, the disease may be a result of haploinsufficiency at ITPR1; this concept is consistent with the observation that heterozygous deletion leads to a later onset disorder in humans, whereas homozygous deletion in mice leads to an early onset disorder, able to be expressed within the much shorter life span of the mouse.	observation	0.25
3ZXNP4Z39RL4GD163NL987ME5997LL	biomed	Careful observation of these serendipitous events has led to the establishment and study of many in vivo disease models [3].	observation	0.28125
3Y40HMYLL1I1EIURUEH8TTVLKSOUX2	biomed	Possibly, the lack of dopamine D2R-mediated signaling prevents refinement of the corticostriatal reinforcement circuits in the brains of the D2R-/- mice, thus impairing their ability to form S+/S- contingencies and disengage inappropriate dopamine D1R-mediated associative responding when unexpected consequences to goal-directed behaviors happened.	consequences	0.22499999999999998
3BCRDCM0ODUAS75JZD4GNT93LXM6KI	biomed	The gene expression changes identified in the rd7 mutant retina in the present study suggest the scheme of gene regulation in mouse rods depicted in Figure 8.	scheme	0.20588235294117646
32W3UF2EZOLEUMPHOCU32CCHKY5C4Q	biomed	Aged (12 months) Sam68−/− mice displayed a high bone mass phenotype compared with Sam68+/+ littermates.	mass	0.20588235294117646
3S829FDFT21FXGJ58JRJJTRXYSODX6	biomed	The skeletal phenotyping of cohorts of Sam68+/+ and Sam68−/− mice showed that bone mass was preserved in aged Sam68−/− mice.	mass	0.22058823529411764
3RWO3EJELH9GWC126ZX7OE4L7WC1PG	biomed	The lowering of leptin levels in aged Sam68−/− mice is consistent with these mice having a high bone mass compared with their aged littermates.	mass	0.23529411764705882
33KGGVH24UHL5L3TSQ7OIRQO9WJ1X4	biomed	During skeletal development, the anabolic activity of osteoblasts [1] is favored over the catabolic activity of osteoclasts [2], which results in a net gain in bone mass.	mass	0.2647058823529411
3W5PY7V3UP7H0797NBZW55TJ5IFJYW	biomed	For example, the non-BC individual and BC individual groups are not perfectly matched with respect to age, gender or smoking history (Table 1) and each of these factors could contribute to the observed difference in correlation between groups.	smoking	0.2142857142857143
37M4O367VJI9ZR58F67RA0N7E7B5MB	biomed	However, the lack of association of transcript abundance level for CEBPG, XRCC1, ERCC5, GSTP1, SOD1, or GPX1 with age, gender or smoking history argues against such an explanation.	smoking	0.2368421052631579
33J5JKFMK6YX6RGWTGQFCC9SACI3Q7	biomed	This result could mean that regulatory factors, such as BRCA2, are required to suppress RAD51–dsDNA interactions to prevent sequestration of RAD51 in a nonfunctional form.	result	0.2391304347826087
3D42WVSDH8V1V5NB4L8BQ71RCB3FYU	biomed	Protein trafficking studies suggest that MLIV is the result of a defect in the late endocytic pathway, contrary to the other mucolipidoses which are typically caused by defective lysosomal hydrolases [11,12].	result	0.25
36KM3FWE3RCRJHCKEUZQANUQ2A607B	biomed	Through these links, AJs appear able to couple adhesion with cytoskeletal dynamics as well as with nuclear and cytoplasmic signaling.	couple	0.23333333333333334
3P7QK0GJ3TLHZ1L4CCVNKVG492V2ZJ	biomed	However, earlier findings of normal proprioceptive afferent trajectories in chicken embryos despite injection of function-blocking NT-3 antibody into the spinal cord (Oakley et al. 1995) led them to discount this possibility.	possibility	0.23333333333333334
3I4E7AFQ2KZLJLADD5CXXO14QGXJT7	biomed	To rule out the possibility that hypomethylation of pericentric repeats might contribute to the destabilization of heterochromatin domains in p150CAF-1-depleted ES cells, we tested our RNAi plasmid vector in a XY ES cell line, and confirmed that loss of p150CAF-1 leads to disruption of heterochromatin organization independently of the degree of DNA methylation at pericentric repeats (unpublished data).	possibility	0.2678571428571429
3OID399FXG7YXUSK8PLXDMRQUNYFDN	biomed	While the experimental design of these experiments was somewhat different from that of Moyna-han et al [24], the results raise the possibility that CAPAN-1 cells have more than one mutation that lowers the efficiency of recombinational repair relative to that observed in other human cell lines.	possibility	0.275
3YCT0L9OMM9GNBOJ33ZZGQMZXHONSQ	biomed	In contrast to wild type lenses (Figure 3L and 3Q), the alphaA/BKO lenses (Figure 3B and 3G) contained large areas devoid of cellular material, their nuclei were not limited to a well defined equatorial/bow region, and ordered radial columns of elongating fiber cells extending from the posterior capsule to the anterior epithelium were not observed.	columns	0.23529411764705882
3NZ1E5QA6Z1DG01BOHHIWKCD287B5S	biomed	Thus, it is possible that the cholesterol levels (roughly 50% of normal levels) in Dhcr7-/- embryos were enough for completion of Shh autoprocessing or 7DHC accumulated in Dhcr7-/- embryonic tissues can also participate efficiently as a sterol adduct in the Shh processing reaction [20].	completion	0.2368421052631579
3MGHRFQY2LPAY18L13PQN0EN69A0Y7	biomed	Another advantage is the ability for detection of QTL in the presence of other QTL.	detection	0.23863636363636365
3ZUE82NE0A1MGZWTRHAHRUDPJXTF8B	biomed	The nature of these glycosylated forms was revealed by digestion with endoglycosidase H, which specifically cleaves mannose-rich carbohydrate from the protein backbone.	carbohydrate	0.25
3URJ6VVYUPNF3BMKEH3UXC6Y9BQ4OF	biomed	Since the parental strains differ in susceptibility to CIA, in spite of both having the MHC class II A beta genes [15], we wanted to test the susceptibility to inflammatory disease in mice from this cross.	class	0.26190476190476186
3WYZV0QBFJDMIJLLUN0DO33XV7CBXX	biomed	To confirm these findings, the staining was repeated in kidneys taken from two further mice for each class, wild-type or mutant, with or without dDAVP treatment, with identical results.	class	0.2777777777777778
3E22YV8GG16JAJ8RBMV5LLHOAXHNPA	biomed	These structures defined a novel family of enzymes, now called sedolisins or serine-carboxyl peptidases, that is characterized by the utilization of a fully conserved catalytic triad (Ser, Glu, Asp) and by the presence of an Asp in the oxyanion hole [8].	utilization	0.265625
3UUSLRKAUL3LI1DEQ6NLPUE9WZ97D5	biomed	Design of inhibitors specific for CLN2 should incorporate the features that have been proven to be important for the related enzymes, such as the placement of an aldehyde functionality capable of making covalent interactions with the catalytic serine, or the utilization of chloromethyl ketone for the same purpose.	utilization	0.3157894736842105
3HY86PZXPYICZLCCXLHWU25HTPG1E1	biomed	ZnT proteins represent a different family of transporters that reduce intracellular cytoplasmic zinc by promoting zinc efflux from cells or into intracellular vesicles.	transporters	0.2666666666666667
3IJ95K7NDXCDX6FS835IRC3W96ZNGB	biomed	Assuming that SLC39A10 is indeed a zinc transporter, MTF-1 would control expression of two zinc transporters with antagonistic functions, namely, Znt1 and Slc39a10.	transporters	0.4464285714285714
33QQ60S6ASITHSOGR2S1KF8AAMW0U8	biomed	The overall incidence of MSUD in the general population is 1:185,000 [1], and in certain population groups, such as Mennonites of Pennsylvania, the incidence is estimated to be as high as 1:176 [2].	Pennsylvania	0.2678571428571429
344M16OZKIFFDSJ128FUR9IKWQFNEP	biomed	For example, the cyclophilin-like domain (CLD), the internal repeat (W1W2/IR), and zinc-finger rich (ZnF) domains of RanBP2 associate specifically with components of the 19S cap of the proteasome [14], the E2 SUMO-1-conjugating enzyme (Ubc9) [15], and the nuclear export receptor, CRM1/exportin-1 [16], respectively.	repeat	0.27941176470588236
3EGKVCRQFWSBIOBVZJMF7HA6XD6YBQ	biomed	Two ECFP+ and two EYFP+ clones exhibiting robust fluorescence were used to generate chimeras through ES cell <-> morula stage embryo aggregation [13].	embryo	0.28125
39XCQ6V3KY47AOKGSQ0AL4QLO7W652	biomed	In addition, a cNMP-binding domain was found in all Acdp proteins, which is usually present in ion channels and cNMP-dependent kinases [10-13].	channels	0.30000000000000004
3I6NF2WGIGW97H9M439WXV3AILU5GY	biomed	Nutritional problems can persist even with adequate oral enzyme supplementation [9] and neutralization of gastric acid to improve lipase function [10], and may involve both impaired digestion and absorption of nutrients [11].	nutrients	0.3026315789473685
3VCK0Q0PO5EGM247U1GF6KGG2P5N03	biomed	Both lines of tTA/APP mice we studied here display extreme hyperactivity visible as cage circling and quantified by activity monitoring (see Figure 7).	hyperactivity	0.3035714285714286
366FYU4PTGPE5MYY5VNEZH1G2W7KEG	biomed	In order to understand the nature and extent of hyperactivity in the tTA/APP mice, we quantified daily activity levels in double transgenic animals along with their single transgenic and nontransgenic siblings using four-beam frames designed to monitor ambulation within an enclosed cage.	hyperactivity	0.3088235294117647
337F8MIIMZDU0UU1CW1J7BAGB9804L	biomed	Alternatively, hyperactivity may be caused by neuronal alterations due to transgene expression during early postnatal development.	hyperactivity	0.33333333333333337
38XPGNCKHT0ATVVHFTP8S40654N4VH	biomed	Fifth, Lin et al. found a neurologic phenotype in males characterized by hyperactivity, whereas the PGC-1α−/− mice described here show reduced locomotor activity.	hyperactivity	0.3666666666666667
3SMIWMMK615MPIP1K9LMRAHEBQCWU5	biomed	In our case, the penetrance of hyperactivity was close to 100%, leaving us with no testable animals.	hyperactivity	0.3928571428571429
3DGDV62G7O9NLXJYP3XLTXEQZ2VP2Q	biomed	This is an important distinction, as the consumption of bitter-tasting stimuli can be dependent on factors independent of taste, such as toxicity [29].	distinction	0.3055555555555556
3XT3KXP24ZYJMCFVZAJ4ADUQTUVI6J	biomed	Such polymorphisms should yield biomarkers suitable for more readily accessible samples, such as peripheral blood or buccal smears.	smears	0.31666666666666665
3JTPR5MTZSCE9355UUUBVNV3P2B5K1	biomed	Cholesterol is a necessary membrane constituent of all mammalian, reptile and avian cells, as well as a few other organisms, but not all eukaryotic organisms.	Cholesterol	0.3214285714285714
3FO95NVK5C0129GBWAGGPAR9YFBRSI	biomed	These two reporters can also be used to create pairs of donors and acceptors for in vivo fluorescence energy transfer (FRET) [15].	reporters	0.3214285714285714
3JGHED38EDROGC85M2AZ2FOAENFY74	biomed	We show that targeted expression of an activated form of PPARδ produces profound and coordinated increases in oxidation enzymes, mitochondrial biogenesis, and production of specialized type I fiber contractile proteins—the three hallmarks for muscle fiber type switching (Figure 6C).	switching	0.33333333333333337
37VHPF5VYC3FDNCJ0FKGJOSMMJ9C83	biomed	Thus, PPARδ activation, rather than merely an increase of PPARδ levels, is an essential element for fiber switching and its associated functional manifestations.	switching	0.3382352941176471
31SIZS5W59FPPT1Y46RBUAC8GQXRQY	biomed	Indeed, in a recent report by Luquet et al. (2003), simple overexpression of wild-type PPARδ in muscle was found not to be sufficient to promote a fiber switch or obesity resistance, although certain oxidation enzymes were increased.	oxidation	0.3392857142857143
3HKIF5DF6YXS84BY7TMD9B8C4IB9GT	biomed	Fatty acid oxidation occurs in mitochondria and consists of a repeating circuit of four sequential steps.	oxidation	0.44047619047619047
3W9XHF7WGKVGU5GVVQC9Y31H55XKT7	biomed	Mechanisms that establish the general body plan make use of a relatively small number of signaling pathways shared among all animals (reviewed in Pires-daSilva and Sommer 2003), but the extent to which these pathways control finer differences between body regions is not clear.	Mechanisms	0.34375
3ZQA3IO31BRYBCP1RZKSZEZVXRG1OZ	biomed	In addition to colorectal neoplams, these individuals can develop extracolonic symptoms, among which are upper gastrointestinal tract polyps, congenital hypertrophy of the retinal pigment epithelium, desmoid tumors, disorders of the maxillary and skeletal bones, and dental abnormalities [6], suggesting the importance of APC gene functions in these organ systems.	pigment	0.35
3VO4XFFP15MF7AHJVST5PTL8FE47QG	biomed	Within hair follicles, paracrine signals control the type of pigment made in specific regions of the body or at specific times during the hair cycle (reviewed in Furumura et al. 1996; Barsh et al. 2000).	pigment	0.3529411764705882
3CVDZS288H011OYXLIK0WCEK32IMF6	biomed	Recently, Tucker et al. (2001) showed that developing sensory and motor axons in limb slice cultures preferentially grow towards neurotrophin-soaked beads instead of following their normal trajectories.	beads	0.35416666666666663
375VSR8FVW9Y3L2PR2AOL3OCLUBRZN	biomed	The Pax6 gene has a spatially and temporally complex expression pattern in the eye, brain, nasal structures, spinal cord and pancreas [1].	pancreas	0.3557692307692307
33W1NHWFYHLBJ0FHVRFJLIPU9E9ZT7	biomed	This approach, termed "QTL-Marker-Assisted Counter Selection" or QMACS, has been previously used to characterize QTL for hypnotic sensitivity to ethanol [31].	Counter	0.3571428571428571
3EHVO81VN5LOJV3ENMP2F52UL521HB	biomed	Further analysis by light microscopy using immunofluorescence (IF) allowed us to compare wild-type and p150CAF-1-depleted embryos.	microscopy	0.359375
3SCKNODZ0XGU4D4RF01OLZQ3A3GN78	biomed	EM and ER conducted transmission electron microscopy.	microscopy	0.44999999999999996
3O4VWC1GEW6GK4CJYQ66FBX6WHL3JB	biomed	SEM confirmed many of the observations made by confocal microscopy.	microscopy	0.5113636363636364
3XBXDSS888JYVS7XL0P726Z272NXL5	biomed	SJ and SVJ carried out confocal microscopy on whole-mounts of stria vascularis.	microscopy	0.55
3R6RZGK0XFCQR29140DF8T4D05RVYY	biomed	To test this possibility, p53RMCE/− MEFs were electroporated with the p53GFP replacement construct with or without a Cre-expression plasmid, then analyzed by fluorescence microscopy 48 h after electroporation.	microscopy	0.6166666666666667
30Z7M1Q8UYKRK8FLG1OPDT2YMGI8AR	biomed	Fluorescent protein reporters currently represent a superior alternative to other gene-based reporters such as the bacterial lacZ or human placental alkaline phosphatase in that their visualization is non-invasive, and as such does not require chromogenic substrates.	visualization	0.36363636363636365
3RSBJ6YZECQP1RJ9YYZDOG3PY14FOJ	biomed	APC is a tumor suppressor gene.	suppressor	0.375
39AYGO6AFFKB0DQMWQWWFLQ7FSWN69	biomed	The C57Bl/6J-hg/hg (HG) mouse is a model of systemic overgrowth resulting from a spontaneous deletion on MMU10, which eliminates expression of the Socs2 (suppressor of cytokine signaling 2) gene [14-16].	suppressor	0.4
3U74KRR67MLH2B1YS34PQVILZ02NTF	biomed	Similarly, when noggin, a potent BMP inhibitor, is introduced in early stage chick limb buds prior to skeletogenesis, mesenchymal condensation does not take place [27,28].	condensation	0.381578947368421
3G3AJKPCXLSRXPQMK4CSZ340NLV4YW	biomed	However, BMP2 and BMP4 are required in concert to promote condensation of the posterior digit anlagen.	condensation	0.6071428571428571
374UMBUHN5PYB7473DVBAKO90XMCTM	biomed	Are the favored olfactory receptors in more open chromatin conformation or more accessible genomic locations?	conformation	0.3833333333333333
3OEWW2KGQJBS375D7S4N0G04MOODO6	biomed	The morphological observations presented in this study demonstrate that fiber cells in lenses lacking alphaA and alphaB fail to elongate symmetrically from the bow region and therefore do not establish the typical "onion skin" conformation in which cells extend from the anterior epithelium to the posterior capsule.	conformation	0.5166666666666667
3KWGG5KP6J2UYCENUGUZO6TH6PQMCV	biomed	PAI-1 antigen and activity were decreased in both CSS-5 and CSS-17 and the heterosomic mice, CSS-5F1 and CSS-17F1, but not in the CSS-11 strain.	antigen	0.3913043478260869
3KQC8JMJGCSKTYHTAQ3L3YHRJPLH3O	biomed	However, it has been noted that deletion of the Fc receptor (the primary receptor for microglial opsinization of antibody–antigen complexes) in APP transgenic mouse models has no impact on the effectiveness of antibody-mediated therapy [56,57].	antigen	0.4852941176470589
3TRB893CSJAOULN5SWOTVFH69RP7GF	biomed	Sweeny et al [28] screened 25 strains of mice and found only the RIIS/J mice to have increased bleeding time due to reduced von Willebrand antigen.	antigen	0.5263157894736842
3S4TINXCC0NZOA7TTWDH5QC4J45OB5	biomed	Only in situations with severe physical injury, distinct environmental influences or additional platelet attributes like the platelet antigen polymorphism [53] differences might become apparent.	antigen	0.625
3A520CCNWN08T9PCT4AP53YKXJGAES	biomed	The role of Socs2 in the HG phenotype was confirmed by an independently engineered Socs2-/- knockout mouse which shared a number of phenotypes in common with HG, including gigantism [17].	gigantism	0.3970588235294118
302U8RURJZ1WF35NXY44RD66WLNNV0	biomed	Immunostaining the kidneys of homozygous Aqp2F204V/F204V mice shows that the mutant-expressing collecting duct cells can not mediate water reabsorption, because it fails to insert into the apical plasma membrane in response to dDAVP.	duct	0.4
379OL9DBSSESUVWY1Z8JGBFG9E19YR	biomed	Rod spherules establish an invaginating synapse with rod bipolar dendrites and axonal endings of horizontal cells.	Rod	0.4
35XW21VSVGEQZBLYRQJK3YIASNMLSM	biomed	Rod photoreceptor generation peaks around the time of birth.	Rod	0.5125
3FK4G712NX0D3OGOBZGLFKW5KG1SSC	biomed	However, we were unable to consistently turn off the human E2 expression cassette by the potent tetracycline analogue, doxycycline in either of the two transgenic lines tested (data not shown).	analogue	0.421875
3N2YPY1GI6YSLXSA4Z1L1QCXIUFEVX	biomed	Thrombus formation on fissured atherosclerotic plaques is the precipitating event in the transition from a stable or subclinical atherosclerotic disease and leads to acute myocardial infarction, ischemic stroke or peripheral arterial occlusion.	infarction	0.475
3E9ZFLPWOYSW5RZR0XSUAQ7AQXWXIS	biomed	We then screened a brain library with this peptide using the yeast two-hybrid technique and identified three novel interacting proteins, HOMER3, DNCL1 and TRIM11.	peptide	0.484375
3NRZ1LDP7W6DR8MAEA6ZG8OXKBUZP8	biomed	A BRC4 peptide was also reported to inhibit the RAD51–DNA interaction.	peptide	0.5131578947368421
3WJGKMRWVI9RUI8AHNVW5G6NXBYDC4	biomed	At 1 mo of age, the mice lacked visible amyloid aggregates that might act as an intractable reservoir of peptide remaining in the brain after the transgene had been suppressed.	peptide	0.5263157894736842
3LEG2HW4UFNBUKU4B01GH30MXX1F28	biomed	On the basis of secondary structure predictions and amino acid sequence conservation, we defined a novel PAX6 protein domain, which we have called the C-terminal peptide.	peptide	0.6176470588235294
33Q5P9PUSPMUXJD695KTW8PQLS9ZCO	biomed	Staining was absent when the primary antibody was pre-absorbed with the antigenic peptide (data not shown).	peptide	0.7361111111111112
306996CF6WKESI0SNUF6TUZWQS2B1A	biomed	However, the process appears to be patterned at the initial stages of bud formation, since the relative importance of these pathways and their downstream effectors differ as buds begin to develop and cell fates are specified.	effectors	0.5
36QZ6V1589DTI18S04BLULET5DMUSU	biomed	A second study in Drosophila examined the effects of Pygo mutation on cuticle patterning, midgut constriction, central nervous system, and cardiac development, and concluded that "Pygo is an essential component in the Wg signal transduction pathway".	constriction	0.5
3UXQ63NLAAMRIP4WG4XPD98AOZ0BLB	biomed	AK and NL performed bile collection experiments and bile characterization for Figure 8.	AK	0.5
3TRB893CSJAOULN5SWOTVFH69RV7GL	biomed	ELK, AK, EV and MHL performed Western blotting and immunohistochemistry experiments.	AK	0.6176470588235294
33P2GD6NRNSQPWP0VWVKKKYTUB8HK0	biomed	In the proximal tubule cells of the rat kidney, a partial loss of actin and the actin-bundling protein villin is observed upon cadmium treatment, as well as the derangement and depolymerization of microtubules (60).	derangement	0.5357142857142857
3H781YYV6TID85OLZ41608OCL87ETN	biomed	Transcription of apparent 'singleton' olfactory receptor genes (0.5 Mb or more from the nearest other olfactory receptor gene) suggests that there is no absolute requirement for genomic clustering for an olfactory receptor to be transcribed, consistent with observations that small olfactory receptor transgenes can be expressed correctly when integrated outside native olfactory receptor clusters [35].	singleton	0.5625
3D06DR5225J65XHPA2Y8IB3T6LCMAY	biomed	SEM confirmed many of the observations made by confocal microscopy.	SEM	0.5833333333333334
3HY86PZXPYICZLCCXLHWU25HTQ91EW	biomed	SLC39A10 is one of 14 mouse SLC39 members, which belong to the ZIP family of metal ion transporters (43,44).	ZIP	0.6428571428571429
3H781YYV6TID85OLZ41608OCL9ZETH	biomed	There was the normal festooned appearance of the urothelium, and this transitional epithelium was of normal thickness.	epithelium	0.6547619047619048
38LRF35D5LWPYKNDAPAKMD6HDXI3U6	biomed	During budding morphogenesis, intersecting signaling networks from the epithelium and mesenchyme govern transcriptional, adhesive, polarity, and motility programs in these select groups of cells.	epithelium	0.6666666666666666
37OPIVELUU3KDJGEJ5IVQ6VXPZDHAK	biomed	If lack of protection from light-induced damage was the major factor affecting the changes in these lenses, then the bulk of the damage should have resided along the visual axis, particularly in the central anterior epithelium and subcapsular cortex in the 5 wk lenses, but this was not the case.	epithelium	0.7222222222222222
3GITHABACYLNIC7L9OKTP89VZOMN2M	biomed	Further, although the polymorphism assessed typically resides within a gene known to protect bronchial epithelium from carcinogens, oxidants, or DNA damage, the selection of the particular polymorphism for study is largely empiric, and not based on known functional properties.	epithelium	0.7333333333333333
3O4VWC1GEW6GK4CJYQ66FBX6WHKJ3Q	biomed	We note that several apparently highly expressed olfactory receptors (gene A, this study, and MOR10 and MOR28 [36]) are expressed in zone 4 of the olfactory epithelium.	epithelium	0.875
35XW21VSVGEQZBLYRQJK3YIASMTSLY	biomed	At older ages (9–12 mo) amyloid deposits were visible in the thalamus, which has also been observed in mice expressing mutant APP via the Thy-1 promoter.	thalamus	0.6666666666666666
3NZ1E5QA6Z1DG01BOHHIWKCD282B5N	biomed	The presence of amyloid pathology in this region has been attributed to axonal transport of APP/AŒ≤ to the terminals of cortical neurons in the thalamus [29].	thalamus	0.7222222222222222
37VE3DA4YUHPWTL6PJIRLHF37HTBH4	biomed	Rosette formation and abnormally wavy epithelia are common sequelae of defects in pathways controlling cell polarity [46,47].	sequelae	0.75
37VUR2VJ6APX2NSY1UB14E5E8DX1C2	biomed	Osteogenesis is also initiated properly in the absence of these pairs of factors.	Osteogenesis	0.7749999999999999
3H6W48L9F4P9XDH53NMSH4UF3B5WPY	europarl	It is estimated that a staggering 10 000 containers are lost at sea each year.	sea	0.22058823529411764
32W3UF2EZOLEUMPHOCU32CCHKY9C4U	europarl	I would remind you that the election of the President will begin at 10 a.m. and I would point out that, in accordance with the provisions of Rule 11(2) of the Rules of Procedure, no business shall be transacted while the oldest Member is in the Chair unless it is concerned with the election of the President or the verification of credentials.	Rules	0.04999999999999999
3P0I4CQYVY7RCD54ON9DS4PPT5QOWO	europarl	We have simply confirmed, in accordance with our rules, that Rule 19 of our Rules of Procedure already gives the President of Parliament the right to bring an end to successive uses of points of order, procedural motions etc., 'where the President is convinced that these are manifestly intended to cause and will result in a prolonged and serious obstruction of the procedures of the House or the rights of other Members'.	Rules	0.17857142857142855
3PZDSVZ3J5HXLQM8D23HIN6TJ2N4N4	europarl	What further measures is the Commission now taking to ensure the full abolition of barriers imposed on customers by virtue of their country of residence or registration of payment card which prevent them accessing the best prices and range of goods and services, such as music downloads, rail and airline tickets, DVDs and computer games, particularly those sold online, sold anywhere in the EU?	prices	0.06666666666666665
3GITHABACYLNIC7L9OKTP89VZOR2N6	europarl	Many economic operators are in an even more serious situation, as they get prices of less than 20-21 cents, when their production costs come to at least 40 cents per litre.	prices	0.11538461538461536
3EHIMLB7F7Z6UVNZM7YHUFP2ZDQ8HO	europarl	Rise in food prices (vote)	prices	0.19444444444444442
3UDTAB6HH6ZVX00DTRXAOJLWX1Q90U	europarl	We now have a proposal on the table which lays down strict emissions values for the next ten years and which simultaneously creates clarity and incentives for technological innovations.	table	0.09999999999999998
3H1C3QRA01JWMOMADI6GBYO8XN3EC2	europarl	Mr President, in coordination with other groups, I would like to table an oral amendment concerning the draft bill in the Duma to ignore certain rulings of the European Court of Human Rights.	table	0.23333333333333334
3RZS0FBRWKA0JFB0MWMR5ANCBVLPCG	europarl	Contrary to what has been suggested by Mr Cohn-Bendit, it is possible to table amendments, indeed - according to the e-mail - some members intend to do so.	table	0.30000000000000004
3VIVIU06FKCLBF0NMQQLZ9RCJUEIMX	europarl	The next item is the report by Mrs Roth-Behrendt on behalf of the Committee on the Environment, Public Health and Food Safety on EU legislation on Transmissible Spongiform Encephalopathies (TSE) and on related feed and food controls.	controls	0.23529411764705882
3DZKABX2ZI5DOZ8W88VQB2CUXI6CV6	europarl	He finds excuses for his political existence by pretending to fight the ghosts of the long bygone British colonial era.	excuses	0.13235294117647056
3ZFRE2BDQ9EI0HO101GGALA0MBZXZS	europarl	Bearing in mind the French position on the precautionary principle, can a decision be taken rather sooner than a fortnight on where we will be meeting next month?	position	0.13333333333333336
3I01FDIL6M8EW0G8KU6QT3X1LL82D9	europarl	I happen to oppose the amendments but it seems to be that we have been put in an invidious position, asking us to vote on amendments which we have not had an opportunity to debate.	position	0.18055555555555558
3I01FDIL6M8EW0G8KU6QT3X1LKPD2Z	europarl	Let us hope that we reach a solution on all the issues, including the release of the three captured Israeli soldiers and the BBC journalist Alan Johnston.	journalist	0.1388888888888889
3OND0WXMHWFN3WXQZAKHMPLOAGOHEW	europarl	However, if we look at the details of the agreement, it seems as if speed took precedence over thoroughness.	speed	0.1388888888888889
3TCFMTM8HEOK450W41MVS1WSWO312G	europarl	Two and a half minutes, Madam President.	half	0.14705882352941174
38Z7YZ2SB32CWUYFEJX2GIBHTWRQIA	europarl	The aim of the meeting will be to formalise the agreement reached on loans to Greece, the financial support package for Greece to tackle the serious financial situation of this euro-area country, and to reflect on the lessons that can be learned from this situation and these agreements in relation to the future of the euro area and of the whole of the European Union.	future	0.15000000000000002
3NRZ1LDP7W6DR8MAEA6ZG8OXKD7PZF	europarl	The next item is the report by Mr Dess, on behalf of the Committee on Agriculture and Rural Development, on the CAP towards 2020: meeting the food, natural resources and territorial challenges of the future.	future	0.18055555555555558
3T2HW4QDUV7FRSVT57QUJKNX6QNC9Q	europarl	We have to do everything we can to ensure that our European media model remains intact in these turbulent times and that we give it a firm foundation for the future, too.	future	0.19117647058823528
329E6HTMSW2BVOI1GB6IGQXJB833KW	europarl	Public service broadcasting in the digital era: the future of the dual system (short presentation)	future	0.234375
3538U0YQ1FU0F2QNF0FL0D5E3CLF35	europarl	Crisis in the EU livestock sector (debate)	Crisis	0.15625
309D674SHZLYFLAQ3R4QAQINUR7CBJ	europarl	Trade and industrial production have collapsed not only as a result of the crisis, but also due to the political unrest triggered by the parliamentary elections in April.	Trade	0.15789473684210525
3TTPFEFXCTKJQH4BTS1JA1TBTHJH6S	europarl	The next item is the debate on the oral question to the Commission on the definitive results of the anti-dumping investigation concerning footwear from China and Vietnam, by Enrique Barón Crespo, on behalf of the Committee on International Trade - B6-0432/2006).	Trade	0.2777777777777778
31N9JPQXIPIRX2A3S9N0CCFXO78NH8	europarl	The restrictions on spraying by aircraft will surely be welcomed by EU citizens, as will the buffer zones for protecting drinking water and aquatic organisms.	aircraft	0.1607142857142857
33KGGVH24UHL5L3TSQ7OIRQO9WMX13	europarl	It is fundamental to our existence.	existence	0.2763157894736842
3H1C3QRA01JWMOMADI6GBYO8XOJCEI	europarl	Cooperation with countries that are the source of migration is one of the most important elements of the new immigration policy - before 2004, there was practically no immigration policy in the European Union - and one of the prime elements of the policy that arose following the Hampton Court meeting in 2004 is cooperation with countries of origin and transit for illegal migration.	Court	0.17105263157894735
3H6W48L9F4P9XDH53NMSH4UF3AMPW6	europarl	The issue is being decided at present by the Court of Human Rights and will not go away.	Court	0.21250000000000002
375VMB7D4JJI7LUA9XRIGJ4IAGMDIA	europarl	One of the main obstacles to unconstrained political and economic relations with Russia and to a new partnership agreement is the presence of the major shortcomings in the Russian justice system.	partnership	0.1764705882352941
3RDTX9JRTY19FB0XEQIJ3YVJ5GF79D	europarl	The next item is the report (A4-0274/97) by Mr Martens, on behalf of the Committee on Development and Cooperation, on the Commission's Green Paper on relations between the European Union and the ACP countries on the eve of the 21st Century - Challenges and options for a new partnership (COM(96)0570 - C4-0639/96).	partnership	0.20588235294117646
3CRWSLD91K4V71BQKL3QJ6NYV3DOMY	europarl	My three starting points and principles are still valid and can be confirmed: there can be no compromise on consumer safety; we believe in open markets and fair competition; and we want to work in international partnership with the Chinese and the Americans.	partnership	0.25
3UZUVSO3P7V9VAY1Q70UEUTKR2NMEA	europarl	My admiration for Europe and for the institutions you have created, for the road you have walked from disunity, rivalries and wars to unity, partnership and peace, democracy, inclusion and prosperity, as well as for your deep belief in solidarity among peoples, led me as a Nobel Peace Prize Laureate in 2008 to nominate the European Union and the European Commission for the Nobel Peace Prize.	partnership	0.25
304QEQWKZPKY4N4JVGGSL9GLS0C0OZ	europarl	Mr President, on urgency for aid to shipbuilding: this is certainly still a most controversial subject, in the European Community too.	aid	0.17857142857142855
3IH9TRB0FBZOFQEYT47NFH39LK21IT	europarl	The issue, Madam President, ladies and gentlemen, has proved rather contentious in Parliament's Committee on International Trade, as regards whether - and this was the pretext for this Commission proposal - we should use trade preferences as a means of emergency aid to a given country; as regards the duration and extension of those trade preferences; and, finally, as regards what conditions would be imposed on the beneficiary, Pakistan in this instance.	aid	0.25
3I6NF2WGIGW97H9M439WXV3AINCG5V	europarl	(The House rose and observed a minute' s silence)	silence	0.18055555555555558
3MDKGGG61QN9VQV6TMI8OKWZ4BF6TS	europarl	Compatibility of the Anti-Counterfeiting Trade Agreement with the EU Charter of Fundamental Rights: see Minutes	Compatibility	0.19117647058823528
3U74KRR67MLH2B1YS34PQVILZ2MTN9	europarl	Violence and hatred cannot be accepted in the name of religion.	hatred	0.2222222222222222
39O0SQZVJN7FJBWJ87I5UJVDB2KR7J	europarl	Ship-source pollution and penalties for infringements (debate)	pollution	0.19642857142857145
391JB9X4ZY8CHAQBMTBXCP6PBZJKMS	europarl	Request for consultation of the Committee of the Regions on the role of volunteering in economic and social cohesion (Rule 118) (vote)	Request	0.2
3O0M2G5VC62CWOIECSKC0MB9ED694A	europarl	on the Council statement on the United Nations Convention on the Rights of Persons with Disabilities;	United	0.203125
3VADEH0UHCXGQW0WJICRKFRUXXQPSR	europarl	The new administration in the United States has shown great interest in deepening and extending links with us in Europe.	United	0.23076923076923078
3TFJJUELSHP4R8AUKYBF9XFJ0LWC2J	europarl	Proposal for a Council Decision establishing for the period 2007-2013 the specific programme 'Criminal justice' as part of the general programme 'Fundamental Rights and Justice' - C6-0237/2005 -	Justice	0.203125
32LAQ1JNT9PUX1L7P4GB4QAF7YFTU1	europarl	the recommendation by Csaba Sógor, on behalf of the Committee on Civil Liberties, Justice and Home Affairs, on the proposal for a Council decision on the conclusion of the Agreement between the European Union and the Islamic Republic of Pakistan on the readmission of persons residing without authorisation - C7-0264/2009 - 2009/0036(NLE)),	Justice	0.3214285714285714
385MDVINFCFDB2E78AH8K883UCZWJY	europarl	I do not believe that it is necessary to expand any further on the disastrous global environmental and economic consequences of IUU fishing, as you are well aware of that.	consequences	0.203125
3YLPJ8OXX8D2XK0CF8QQGPXRLGX4XO	europarl	Subject: The negative consequences of the EU biofuels targets	consequences	0.3125
3DTJ4WT8BDF9UHXK5WQOMWPT667ZE6	europarl	This scheme has been implemented to date in accordance with the provisions of Commission Regulation (EC) No 983/2008 establishing aid for the purchase of cereals, skimmed milk powder and rice.	scheme	0.328125
3KWGG5KP6J2UYCENUGUZO6TH6PTMCY	europarl	Today we are in the initial stage of the treaty coming into effect, and the EU will need to have adequate funding at its disposal from the outset in order to implement the new policies.	policies	0.20833333333333331
337F8MIIMZDU0UU1CW1J7BAGBAV04A	europarl	This House can play a crucial role in upgrading EU policies to a fully-fledged EU strategy.	policies	0.25
3QI9WAYOGQB8GQIR4MDIEF0D2TI6SM	europarl	(NL) Mr President, ladies and gentlemen, on behalf of the Group of the Greens/European Free Alliance, I should like to attempt, by means of an oral amendment, a better and more correct wording to the second part of Paragraph 11, which would then read as follows, and I will read it out in English: 'in particular by means of enhanced dialogue over Ukraine en Belarus and joint efforts to finally resolve the frozen conflicts in Moldova en the South Caucasus'.	South	0.21052631578947367
3QGHA0EA0J07TJGVKI4RMKPQM7QWBD	europarl	According to records in the UK, only one person has died as the result of an earthquake and that was in the mid-seventeenth century.	result	0.2142857142857143
3PGQRAZX02KAZASXA58AX6K613AYSD	europarl	We know that this is not the final result, because the Staff Regulations and the Financial Regulation provide all the necessary leeway for the codecision procedure, which is a precondition for the final establishment of the service.	result	0.21666666666666667
37SOB9Z0SSXMFU0J1BIJVQAY07R3LG	europarl	- (IT) Mr President, ladies and gentlemen, my apologies, here again only a factual replacement is involved; as the Afghan law is cited, the appropriate wording of the law should be substituted:	wording	0.21666666666666667
3TC2K6WK9G22F5KH3MVA7BJ0AU8826	europarl	(FR) Excuse me, but you have unfortunately forgotten the original wording of paragraph 45.	wording	0.22058823529411764
362E9TQF2HQLJ541BNSQM47FN9IIG7	europarl	Everyone tried to find suitable compromises, even with regard to the two points that up to now had been contentious: governance, the conditions for the clearing houses and, secondly, the wording concerning the third states regulation, on which we have had intensive and contentious debates.	wording	0.3055555555555556
35U0MRQMUJ7EXO5ZYD4H626BMWOVOL	europarl	The compromise text agreed with the Council also provides some protection for those immigrants forced to work illegally, who are often held hostage by criminal organisations.	organisations	0.21875
3VQTAXTYN3LU1FRQPIPQ4W4T1QXBU9	europarl	This is the razor-sharp conclusion of an open letter of 14 June which five human rights organisations have addressed to the foreign ministers of the European Union.	organisations	0.25
3PEG1BH7AERGYJMEV4LOY9VVZ0FBKU	europarl	As you know, we have proposed a number of new initiatives in order to make our producer organisations much more attractive.	organisations	0.33333333333333337
3OCZWXS7ZO7PT9NNFU6CAN8IE4YL56	europarl	Report (A5-0342/2000) by Mr Ortuondo Larrea, on behalf of the Committee on Regional Policy, Transport and Tourism, on the proposal for a directive of the European Parliament and of the Council amending Council Directive 94/57/EC on common rules and standards for ship inspection and survey organisations and for the relevant activities of maritime administrations [COM(2000) 142 - C5-0175/2000-2000/0066(COD)]	organisations	0.40625
3NQUW096N688UWPZIKJTM3DK00I9LM	europarl	A word of thanks is also due to many non-governmental organisations and unions, to the experts who participated in the presentation workshop for the financial impact study, to the secretariats of the Committee on Women's Rights and Gender Equality and of my political group, to the Policy Department of the European Parliament, and to my assistants.	organisations	0.41666666666666663
388FBO7JZRTDJX0S29ROYCA0E3MNY8	europarl	The then authorities of the former Eastern Bloc countries spent too long concealing information about the disaster from the world and, above all, from their own citizens.	authorities	0.21875
3APP19WN71E5QL909MJ1P1HAEING6B	europarl	The European Union would like to see the authorities accept Mr Gambari's proposals for a further political process.	authorities	0.25
3I6NF2WGIGW97H9M439WXV3AIMWG5D	europarl	According to investigations by the competent authorities, citizens of the Member States are allegedly involved in tax evasion.	authorities	0.25
3LN50BUKPVBTMJ56Z9FQ8TDZ53JLPA	europarl	As the European Parliament, we offer our sympathy and sincere condolences to the families of the victims and to the Iraqi authorities.	authorities	0.2666666666666667
3QMELQS6Y5BWFBIEPXDDO5VHGQHR6Z	europarl	However, the current way of managing variations is proving increasingly inefficient and is no longer satisfactory either for the authorities or for the pharmaceutical industry as a whole.	authorities	0.2678571428571429
34R0BODSP1ZBN3DVY8J8XSIY57X5E3	europarl	However, the correct work of customs forms the basis for the success of our single market and the free movement of goods, persons, capital and services.	goods	0.21875
3N2YPY1GI6YSLXSA4Z1L1QCXIUIEV0	europarl	Retrofitting of mirrors to heavy goods vehicles (vote)	goods	0.25
3YD0MU1NC21NKUA26WWJZT63BYX7AS	europarl	On 23 October 1956, Hungarian university students took to the streets of Budapest to protest against the Communist government and they were soon joined by citizens from all professions and sectors of society.	society	0.2222222222222222
3MQKOF1EE2O08GEFYEVXHADQPRJWDZ	europarl	Unfortunately, the terrorist murderers are once again punishing Spanish society.	society	0.28846153846153844
36AZSFEYZ40UEUGQU8ZV0I6CFYMVB0	europarl	Meanwhile the people on the street who wanted to celebrate peacefully were brutally attacked and beaten up.	street	0.2222222222222222
3P458N04Q1HSU6LPBU72NA0T120X2K	europarl	by Mr Søndergaard, on behalf of the Committee on Budgetary Control, on discharge in respect of the implementation of the European Union general budget for the financial year 2007, Section V: Court of Auditors (C6-0419/2008 -,	Control	0.2222222222222222
3IZPORCT1F9CC02VLG4HLWK7P5EHR9	europarl	We will begin as scheduled with a statement by the Commission on urgent political matters, namely on the European Union's reactions to the Helms-Burton law on trade restrictions.	restrictions	0.22499999999999998
3RBI0I35XE36FT7IKQ79PYCU9MUY32	europarl	His own enterprising spirit and non-conformist approach, his constant concern for the man in the street and his own sense of humour and personality were defining characteristics of his presidency at that time.	personality	0.23214285714285715
3X0EMNLXEPPWIOH0DDHWV2B1W21PVF	europarl	On the other hand, many Member States are taking refuge in a new form of intergovernmentalism, nationalism and protectionism, instead of looking towards Europe.	nationalism	0.23333333333333334
3OLZC0DJ8JF412UW0IRCM5APAO8VIB	europarl	Mr President, yesterday saw the installation of a new government and the re-establishment of the devolved assembly in Northern Ireland, representing what would have previously been called the extreme opinion of unionism and the extreme opinion of nationalism, brought together to form a new government for Northern Ireland.	nationalism	0.3214285714285714
32K26U12DNONTREA84Q1V8UCIJ0VD9	europarl	With their help, John has sought to shed light on what has been a very murky area, and to bring clarity where uncertainty prevailed before, based consistently on the twin principles that the patient must always come first and that patient choice should be determined by needs and not by means.	John	0.234375
3QREJ3J433XSBS8QMHAICCR0BUTLKR	europarl	The next item is the debate on the oral question to the Council by Miroslav Ouzký, on behalf of the Committee on the Environment, Public Health and Food Safety, on progress in Council on the Framework Directive on Soil Protection - B6-0455/2008).	Safety	0.2361111111111111
3D17ECOUOEV9PNWF8100BB1K21M138	europarl	2007 discharge: European Agency for Safety and Health at Work (	Safety	0.25
3MIVREZQVHY32PO3EMIETYQULZZKQW	europarl	Implementation of the posting of workers directive following the judgments of the Court of Justice (debate)	judgments	0.2941176470588235
3JU8CV4BRLC1S483C1VI0AHT094POD	europarl	Anti-dumping cases - state of play and prospects (debate)	prospects	0.25
3O0M2G5VC62CWOIECSKC0MB9EEN49O	europarl	This resolution invites Member States and the Commission, in accordance with their respective competences, to promote the ratification and application of the UN Convention on the Rights of Persons with Disabilities concluded by the European Union on 26 November 2009.	Persons	0.25
3B0MCRZMBRUJD4K4R18XPAMJAE0PPU	europarl	There is also a third group, which is that of minority languages.	minority	0.25
35JDMRECC499302FF42Z1P9NVFUEGB	europarl	After the fall of the Berlin Wall and the end of the Cold War, we were able to include references to human rights and subsequently, in 2000, to provide for a stronger political dimension to our relations and to give priority to fighting poverty and improving our economic and financial partnership.	Cold	0.25
32L724R85LKRWIX0E6IDGDL7OZOPIZ	europarl	Opening of the sitting	Opening	0.25
3EFNPKWBMSO9IYBXCIW0X6IAXAZ30S	europarl	And if that is the case, should your office not write to the Commission and the United Kingdom Government for clarification on the point to help the industry and the farmers who are likely to be affected by the persistent inability of the British Government to deal with this matter?	clarification	0.2647058823529411
35NNO802AVWRTXLNYR5LCOGCOKNNI1	europarl	The importance of management and of the other players as parties to corporate governance, whether they be employees, creditors, customers or suppliers, was also greatly emphasised on that occasion.	occasion	0.2647058823529411
3QGHA0EA0J07TJGVKI4RMKPQM7OWBB	europarl	On the same occasion, in accordance with Article 104(7) of the Treaty, the Council set a deadline of one year for the correction of this excessive deficit.	occasion	0.2666666666666667
3MDWE879UH2WHN3NR7UZ80HFO5N9BG	europarl	Mr President, I am very conscious that the Treaty of Lisbon is, as my colleague David Sumberg has just said, a train wreck as regards the European Union.	wreck	0.2647058823529411
3PEG1BH7AERGYJMEV4LOY9VVZZYKBK	europarl	The next item is the Commission statement on GM/Opel: current developments.	developments	0.265625
36JW4WBR06KF9AXMUL4N476OMH5HFG	europarl	(SV) Mr President, if you went into the corridors of Parliament yesterday you would have seen a great many stickers from the lobbyists' organisation of the European chemical industry on the floor, and some of them are still there today.	stickers	0.2666666666666667
3J94SKDEKIP6VXZV2D8ORA0D5UGD50	europarl	Before your election as President, you were well known as the architect of the Indian space and atomic energy programme, and you enjoy international renown as one of India's most important scientists.	programme	0.275
3TFJJUELSHP4R8AUKYBF9XFJ0KD2CO	europarl	Combating violence (Daphne III programme) (vote)	programme	0.375
311HQEI8RSGOL2IAIOCIGMXCKIKZ7Z	europarl	All our work towards cooperation with our sister countries in Central and Eastern Europe is therefore not simply another element in Parliament's heavy work programme.	programme	0.375
3HEADTGN2PSHU1XFQ5LL0XBGXKPVRD	europarl	Mr President, I would like, above all, to thank the Commission for appreciating the risk involved in the phenomenon of counterfeiting and piracy.	piracy	0.27941176470588236
3UDTAB6HH6ZVX00DTRXAOJLWX1Q09L	europarl	Sea piracy (debate)	piracy	0.2833333333333333
3PGQRAZX02KAZASXA58AX6K612TYSU	europarl	Mr President, Commissioner, ladies and gentlemen, there is only one lesson to be learned here, namely, that full-time contracts of an indefinite duration must remain the norm.	norm	0.2833333333333333
3KL228NDMVMCP0UPBQD2ZKMSFCRGKY	europarl	Madam President, I am advised by the services that each additional roll-call vote costs EUR 400, which makes the cost of yesterday's escapade in excess of EUR 25 000.	escapade	0.2941176470588235
3DTJ4WT8BDF9UHXK5WQOMWPT65OZEL	europarl	Ladies and gentlemen, we are all aware of the dreadful tropical cyclone, Nargis, which ravaged Burma/Myanmar last Saturday.	cyclone	0.296875
3TL87MO8CMPHV6GCL6JLWZZV3YCFLJ	europarl	the proposal for a Council Regulation amending Regulation (EEC) No 3950/92 establishing an additional levy in the milk and milk products sector (COM(98)0158 - C4-0296/98-98/0111(CNS)); -A4-0496/98 by Mr Fantuzzi, on behalf of the Committee on Agriculture and Rural Development, onI.the proposal for a Council Regulation amending Regulation (EEC) No 1766/92 on the common organisation of the market of cereals and repealing Regulation (EEC) No 2731/75 fixing standard qualities for common wheat, rye, barley, maize and durum wheat (COM(98)0158 - C4-0292/98-98/0107(CNS))II.	maize	0.296875
3GMLHYZ0LEXQENK1ZA3AC72UM0VYUT	europarl	In the light of these developments, it would not be appropriate at this moment to take exceptional measures, such as opening an intervention tender for maize, nor to intervene with export refunds.	maize	0.4833333333333333
3Q2T3FD0ON86LCI41NJYV3PN0FJ3MQ	europarl	Secondly, Europe must strengthen its position as the world's leading beneficiary of foreign direct investment and give itself the means to control that investment so as to encourage sustainable development that creates high quality employment.	beneficiary	0.30000000000000004
32204AGAABCLNATH55A5MS60NW3GHC	europarl	Mr President, I would like to begin by reminding us all that a few weeks ago Greenpeace reported a Galician company, Armadores Vidal, to the Spanish public prosecutor's office for receiving subsidies to the value of EUR 3.6 million from the Spanish Government, between 2003 and 2005, despite the fact that, since 1999, the company has accrued numerous sanctions in several countries for illegal fishing around the world.	subsidies	0.30000000000000004
3V8JSVE8YYQ9PRNF9AO58PGR0C1EYS	europarl	In addition, if this policy were to be implemented in Poland, my country would lose more than all it has hitherto received in the form of direct payments, indirect subsidies and grants, and there would still be more to pay.	subsidies	0.33333333333333337
32TZXEA1OLKU7JFJ8F5JLGTQG2114E	europarl	For its part, the EU has accused the United States of granting hidden subsidies to Boeing as part of defence and aerospace projects in which it is involved.	subsidies	0.43333333333333335
3ZZAYRN1I6RZKW1ATI425KIQPCPTOM	europarl	I should like to inform the House that I received, shortly after my arrival in office, advice from the Committee on Legal Affairs and the Internal Market, inviting the President to submit to the European Court of Justice for review the question of the legal base with regard to the European Company Statute.	Statute	0.30000000000000004
3NOEP8XAU42OMDMVDSIEJN8MCCSXP7	europarl	The next item is the debate on the oral question by Klaus-Heiner Lehne, on behalf of the Committee on Legal Affairs, to the Commission on the report on the application of Council Regulation (EC) No 2157/2001 of 8 October 2001 on the Statute for a European company (SE) - B7-0211/2009)	Statute	0.3846153846153846
322ZSN9Z5GKVG3RSAYPTRMCL8K8T4T	europarl	As I conclude, I should like to point out that we will only be able to consider that our protest here today has been effective if and when medical care, education and the opportunity to integrate into society are made available to albinos in Tanzania.	Tanzania	0.3055555555555556
3Y40HMYLL1I1EIURUEH8TTVLKU0UXI	europarl	The Government and President of Tanzania have already started to implement measures, which we appreciate, but it is not enough.	Tanzania	0.33333333333333337
37SDSEDIN92VQK2LKIVW2S9VIOX18L	europarl	However, it is not in the possession of information from which it could determine whether the US court procedure was in violation of EU data protection laws.	violation	0.3157894736842105
39I4RL8QGJH5BU0XA484D39XXQDH47	europarl	They are: capital increase, pension funds, labour market policy and employment policy, EU enlargement and adequate supervision of EIB policy.	capital	0.3157894736842105
338GLSUI43B4ZJB25FGM8LDQVR3SFR	europarl	Mr Martin: 300 votes.	Martin	0.31666666666666665
3ZTE0JGGCESIYFZZ7W9CGAIM1QPOCY	europarl	We also congratulate our fellow Members from Estonia.	Estonia	0.3194444444444444
3EHVO81VN5LOJV3ENMP2F52UL7KH1D	europarl	Ladies and gentlemen, 65 years ago today, in June 1940, three countries which are now members of the European Union — Lithuania, Latvia and Estonia — lost their independence as a result of the Soviet occupation.	Estonia	0.36764705882352944
30F94FBDNRKF12C1PDZGZ0IRID6TBI	europarl	President Hendrik Ilves took office as President of Estonia on 9 October 2006.	Estonia	0.4411764705882353
3HFWPF5AK9J9J7V9LKFK7COTS2G3SD	europarl	Ladies and gentlemen, this is a wonderful day for the European Parliament, and that is because we are welcoming one of our former fellow Members here - one who is now President of the Republic of Estonia, our former fellow Member Mr Hendrik Ilves!	Estonia	0.44999999999999996
373L46LKP76MG2KQJWY5WXE875OJKN	europarl	It is a pleasure to welcome the Presidents and Speakers of the Parliaments of Belgium, Herman van Rompuy, of Italy, Fausto Bertinotti, and of the Dutch Senate, Yvonne Timmerman-Buck, who together with other representatives of the Parliaments of Bulgaria, the Czech Republic, Estonia, France, Germany, Hungary, Ireland, Latvia, Lithuania, Luxembourg, Poland, Portugal, Romania, Slovakia, Slovenia and the United Kingdom have joined us here in the European Parliament today and whom I would also like to welcome.	Estonia	0.44999999999999996
3R5LWXWHR08I90TWA9SRPEUUBMMGX5	europarl	Addressing the challenge of water scarcity and droughts in the European Union (	droughts	0.3194444444444444
3JVP4ZJHDPSO81TGXL3N1CKZGSTI04	europarl	With too much rain in certain parts of Europe and with droughts in other parts of Europe, the climatic conditions within our own regions this year have been adverse to cereal production and, with an estimated output of 258 million tonnes, the 2007 harvest is below average.	droughts	0.35
3H781YYV6TID85OLZ41608OCLAJET3	europarl	The next item is the report by Ana Maria Gomes, on behalf of the Committee on Development, on China's policy and its effects on Africa.	Maria	0.32894736842105265
3GV1I4SEO9PLCDN1KDGH2TMIAZ9L6M	europarl	On behalf of the whole European Parliament, I should like to express our condemnation of this act and our sympathy for the victim's family and for the whole Spanish people.	sympathy	0.3375
3SD15I2WD2U4W9XCE7CH67S1AC263B	europarl	- (IT) Madam President, President-in-Office of the Council, Commissioner, ladies and gentlemen, 60 years ago, the Universal Declaration of Human Rights launched a real global revolution, affirming the prophetic idea of Immanuel Kant, the philosopher, that the infringement of a right in a single country ought to be felt as such in any other part of the world.	Kant	0.34523809523809523
3YLTXLH3DF6R0NMG8O0SG1KSONQHPH	europarl	The position of the Nepalese Government vis-à-vis the elections to the Tibetan Government in exile clearly tells us who is the real global player in this region.	exile	0.3472222222222222
356ZPKYPUHHDMIC5IO4G21FVEJ3PYO	europarl	These three countries are on the list of 13 candidate countries involved in the accession process, and this kind of agreement, whereby authorisation can be given for them to take part in Community programmes and agencies, seeks to strengthen the pre-accession strategy.	authorisation	0.3472222222222222
3GL25Y6843UI1APILCQM2JER77HMX0	europarl	Information on medicinal products (Community procedures for the authorisation and supervision of medicinal products) (	authorisation	0.3529411764705882
3ACRLU860NEDCJU4ZIAL0EIQF23EBV	europarl	The scientific opinions allow us to proceed with a proposal for authorisation, but not at any price.	authorisation	0.44999999999999996
37ZQELHEQ0YDPGBEJ63D4HNT5UOMNZ	europarl	Mr Medina Ortega has the floor.	Medina	0.35
3JMNNNO3B14D56GZ1PBGLRMMS1BW29	europarl	Thank you, Mr Medina Ortega.	Medina	0.453125
3ICOHX7ENCBCSWRU12DWGXM7OZME0R	europarl	It should be borne in mind that the hunting expeditions described only target migrating birds.	expeditions	0.359375
3DW3BNF1GHIBCWIJRWFL9GGB7S1V81	europarl	(NL) Mr President, I voted against the Catania report, as I totally and utterly disagree with the Commission's recent proposals on asylum policy, which the rapporteur welcomes in this report.	asylum	0.3666666666666667
36D1BWBEHN1H0UMLXN5TCTKVUYHM2Q	europarl	Within the framework of this cooperation, there are provisions for being able to offer subsidiary protection and provisions relating to the asylum procedure, reception and return.	asylum	0.42647058823529416
35ZRNT9RUIYULF3GE3YBN7ESVDD3OG	europarl	- The next item is the debate on the oral question to the Commission on the follow-up to the Declaration of the Sports Ministers of the European Union at their meeting in Biarritz in November 2008 by Katerina Batzeli and Doris Pack, on behalf of the Committee on Culture and Education - B6-0223/2009).	Doris	0.3928571428571429
3CMIQF80GNQW3A3ECIODJFLCK4FQ6X	europarl	The next item is the report by Pablo Arias Echeverría, on behalf of the Committee on the Internal Market and Consumer Protection, on completing the internal market for e-commerce.	Arias	0.40384615384615385
3VCK0Q0PO5EGM247U1GF6KGG2RNN0P	europarl	President Arias's efforts in his role as an international broker came to fruition in the Esquipulas Peace Agreement, which was signed by the presidents of all Central American countries on 7 August 1987.	Arias	0.44999999999999996
3WKGUBL7SZM7XQJN1PN25V24E7NL4J	europarl	That is why I have referred several times to these falsified medicines as 'silent killers' because that is effectively what they are, because if people who have problems ... We know how falsification networks have changed: a few years ago everybody would be talking about Viagra, but today it is impossible not to talk about drugs that combat, or attempt to combat, diseases such as cancer, diabetes, heart disease and cholesterol.	falsification	0.41666666666666663
3GKAWYFRAPTAO7HEMSH2PG5UWVXPDG	europarl	(IT) Madam President, ladies and gentlemen, up to now, there has been too much doubt and uncertainty surrounding access to treatment and reimbursement for cross-border healthcare.	reimbursement	0.41666666666666663
3UQVX1UPFSHKXGFE8IIVEWDIRVG20V	europarl	The Commission has no discretion on the safety assessment of a GM product.	GM	0.42647058823529416
32W3UF2EZOLEUMPHOCU32CCHKZSC4F	europarl	The parties also discussed the land restitution law and ways to combat impunity.	impunity	0.453125
3PUV2Q8SV448KDG43NZ1UW05FRIDBJ	europarl	The lesson that I have learnt and that I wanted to stress in this resolution was that impunity is not an answer.	impunity	0.5
3KQC8JMJGCSKTYHTAQ3L3YHRJRZ3HS	europarl	This proposal is both a consequence and an integral part of the trend towards excessive preoccupation with security pursued by the EU institutions, and as such we reject it.	preoccupation	0.4605263157894737
37SOB9Z0SSXMFU0J1BIJVQAY087L3G	europarl	Article 214(2) of the EC Treaty, curiously mentioned as the legal basis of the resolution, concerns not the nomination of a commissioner in the event of a resignation, but the vote to approve the entire Commission as a college.	EC	0.4722222222222222
3IZPORCT1F9CC02VLG4HLWK7P5GRHL	europarl	the report by Mrs Jöns, on behalf of the Committee on Employment and Social Affairs, on the proposal for a regulation of the European Parliament and of the Council amending Regulation (EC) No 1081/2006 on the European Social Fund to extend the types of costs eligible for a contribution from the ESF - C6-0454/2008 - 2008/0232 (COD)), and	EC	0.4821428571428571
31GECDVA9JM3TSKUX9AFDA4LK3466H	europarl	The proposal to amend Regulation (EC) No 539/2001 that we are discussing today has three objectives: transferring Taiwan to the positive list, transferring other third countries or territories - Trinidad and Tobago, Saint Lucia, Saint Vincent and the Grenadines, Belize, Dominica, Grenada, the Marshall Islands, Micronesia and Palau - to the positive list and the situation of the Northern Mariana Islands.	EC	0.5
3OQQD2WO8I6KPTSDG8L63AI6J4E3IL	europarl	the report by Mr Albertini, on behalf of the Committee on Transport and Tourism, on the proposal for a regulation of the European Parliament and of the Council on the rights of passengers in bus and coach transport and amending Regulation (EC) No 2006/2004 on cooperation between national authorities responsible for the enforcement of consumer protection laws - C6-0469/2008 -.	EC	0.6052631578947368
3CRWSLD91K4V71BQKL3QJ6NYV4VMOG	europarl	The Rospuda valley is the last peat bog system of its kind in Europe.	peat	0.4821428571428571
3ZQA3IO31BRYBCP1RZKSZEZVXTYO18	europarl	Madam President, before the debate begins, I just want to pass on the feelings of the people in Ireland regarding the future of our national airline Aer Lingus.	Aer	0.5714285714285714
